inst#,actual,predicted,error
1,0.8,0.697,-0.103
2,0.2,0.378,0.178
3,0.5,0.408,-0.092
4,0.6,0.569,-0.031
5,0.5,0.579,0.079
6,0,-0.053,-0.053
7,0.6,0.649,0.049
8,1.5,1.629,0.129
9,0.3,1.139,0.839
10,0.2,0.031,-0.169
11,1.2,0.98,-0.22
12,0.2,0.03,-0.17
13,0.3,0.45,0.15
14,1.2,1.541,0.341
15,0.4,0.409,0.009
16,1,1.176,0.176
17,0.8,1.423,0.623
18,0.2,-0.012,-0.212
19,0.9,1.153,0.253
20,0.4,0.467,0.067
21,0.2,0.275,0.075
22,0.6,0.697,0.097
23,0.5,0.448,-0.052
24,0.6,0.614,0.014
25,0.7,1.22,0.52
26,0,-0.033,-0.033
27,0.9,1.074,0.174
28,0.3,0.398,0.098
29,0.8,1.281,0.481
30,0.4,0.444,0.044
31,0.3,1.009,0.709
32,1,1.186,0.186
33,0.8,1.378,0.578
34,0.8,1.111,0.311
35,0.7,1.265,0.565
36,0.7,1.232,0.532
37,0.1,0.014,-0.086
38,0.3,0.32,0.02
39,0.1,0.006,-0.094
40,0.4,0.595,0.195
41,0.5,0.537,0.037
42,0.4,0.415,0.015
43,1.1,1.192,0.092
44,0,-0.062,-0.062
45,0.2,0.373,0.173
46,2.2,1.629,-0.571
47,0.3,0.248,-0.052
48,0.5,0.501,0.001
49,0.7,0.693,-0.007
50,0.2,0.478,0.278
51,0.4,0.545,0.145
52,0.7,0.687,-0.013
53,0.5,0.574,0.074
54,1.1,1.489,0.389
55,0.4,0.77,0.37
56,1.4,0.658,-0.742
57,0.1,0.005,-0.095
58,0.8,0.495,-0.305
59,1.1,1.108,0.008
60,0.5,0.709,0.209
61,0.4,0.404,0.004
62,0.6,1.267,0.667
63,0.6,0.889,0.289
64,0.4,0.434,0.034
65,1.1,1.419,0.319
66,0.1,0.016,-0.084
67,0.7,1.06,0.36
68,0.6,0.678,0.078
69,0.2,0.324,0.124
70,0.3,0.327,0.027
71,0.4,0.447,0.047
72,0,0.199,0.199
73,0.4,0.632,0.232
74,0.1,-0.021,-0.121
75,0.6,0.58,-0.02
76,1.9,1.63,-0.27
77,1.2,1.053,-0.147
78,0.4,0.38,-0.02
79,0.9,0.772,-0.128
80,1.9,1.629,-0.271
81,0.4,0.571,0.171
82,1.4,1.223,-0.177
83,1.1,1.047,-0.053
84,0.4,0.885,0.485
85,1.1,1.236,0.136
86,0.4,0.372,-0.028
87,2.2,1.623,-0.577
88,0.1,-0.015,-0.115
89,0.1,0.02,-0.08
90,0.8,0.896,0.096
91,0.2,0.434,0.234
92,0.6,0.437,-0.163
93,1.1,1.268,0.168
94,0.2,0.332,0.132
95,1.5,0.959,-0.541
96,1.5,0.882,-0.618
97,0.5,0.844,0.344
98,0.2,0.329,0.129
99,0.1,0.304,0.204
100,1.3,1.08,-0.22
101,0.2,0.337,0.137
102,0.2,0.466,0.266
103,0.3,0.406,0.106
104,0.4,0.49,0.09
105,1.3,1.124,-0.176
106,0.6,0.562,-0.038
107,1,1.631,0.631
108,0.2,0.466,0.266
109,0.3,0.457,0.157
110,1.3,1.481,0.181
111,0.6,0.69,0.09
112,1.2,1.266,0.066
113,1.2,1.163,-0.037
114,0.5,0.947,0.447
115,0.7,0.686,-0.014
116,0.4,0.456,0.056
117,1,0.87,-0.13
118,1.3,1.168,-0.132
119,0,0.479,0.479
120,0.2,0.389,0.189
121,1.2,1.134,-0.066
122,0.6,0.489,-0.111
123,0.3,0.464,0.164
124,0.3,0.458,0.158
125,0.1,0.43,0.33
126,1.1,1.098,-0.002
127,0.8,0.702,-0.098
128,1.7,1.588,-0.112
129,0.1,0.021,-0.079
130,0.4,0.451,0.051
131,0.7,0.662,-0.038
132,0.6,0.695,0.095
133,0.3,0.583,0.283
134,0.4,0.378,-0.022
135,0.6,0.571,-0.029
136,0.6,0.768,0.168
137,0.7,0.678,-0.022
138,0.3,0.379,0.079
139,0.5,0.659,0.159
140,0.3,0.362,0.062
141,0.1,0.277,0.177
142,0.6,0.684,0.084
143,0,1.213,1.213
144,1.1,1.377,0.277
145,0.5,0.52,0.02
146,0.5,0.679,0.179
147,1.3,1.596,0.296
148,0.5,0.463,-0.037
149,1.8,1.534,-0.266
150,0.3,0.118,-0.182
151,0.3,0.534,0.234
152,1,0.702,-0.298
153,1.1,0.932,-0.168
154,0.9,0.948,0.048
155,0.5,0.549,0.049
156,0.9,0.927,0.027
157,0.5,0.464,-0.036
158,0.2,0.395,0.195
159,0.3,0.432,0.132
160,0.6,0.485,-0.115
161,0.8,0.991,0.191
162,0.5,1.314,0.814
163,1.1,1.068,-0.032
164,0.6,0.561,-0.039
165,0.5,0.944,0.444
166,0.1,0.344,0.244
167,1.1,1.374,0.274
168,0.6,0.517,-0.083
169,0.5,0.642,0.142
170,0.3,0.343,0.043
171,0.4,0.515,0.115
172,0.5,0.987,0.487
173,1,1.514,0.514
174,0.5,0.697,0.197
175,0.6,0.616,0.016
176,0.6,0.553,-0.047
177,0.6,0.606,0.006
178,0.7,0.47,-0.23
179,1.6,1.066,-0.534
180,0.5,1.231,0.731
181,0.7,1.005,0.305
182,1,1.06,0.06
183,0.4,0.345,-0.055
184,1.2,0.976,-0.224
185,0,-0.023,-0.023
186,0.2,0.979,0.779
187,1,1.285,0.285
188,1.5,1.631,0.131
189,0.2,0.018,-0.182
190,0.8,1.062,0.262
191,0.5,0.408,-0.092
192,0.4,0.432,0.032
193,0.4,0.482,0.082
194,0.3,0.286,-0.014
195,0.8,1.03,0.23
196,0.6,0.929,0.329
197,1,0.996,-0.004
198,1.4,1.631,0.231
199,1.2,1.124,-0.076
200,0.5,0.483,-0.017
201,0.5,0.325,-0.175
202,0.5,0.974,0.474
203,1.3,1.522,0.222
204,0.4,0.413,0.013
205,1,1.097,0.097
206,0.9,0.815,-0.085
207,1,0.933,-0.067
208,0.3,0.458,0.158
209,0.6,0.611,0.011
210,0.6,1.007,0.407
211,0.1,0.024,-0.076
212,0.2,0.357,0.157
213,0.5,0.583,0.083
214,0.4,0.435,0.035
215,1,1.188,0.188
216,1.1,0.891,-0.209
217,0.3,0.438,0.138
218,1.5,1.111,-0.389
219,0.3,0.403,0.103
220,1.5,1.283,-0.217
221,0.4,0.476,0.076
222,1.2,0.981,-0.219
223,0.5,0.412,-0.088
224,0.3,0.348,0.048
225,0.4,0.537,0.137
226,0.7,1.052,0.352
227,0.9,0.609,-0.291
228,1.4,0.586,-0.814
229,0.4,0.486,0.086
230,1.4,1.541,0.141
231,0.9,0.719,-0.181
232,0.6,0.846,0.246
233,0.1,0.019,-0.081
234,1,0.72,-0.28
235,0.7,0.736,0.036
236,0.9,1.167,0.267
237,1.3,1.126,-0.174
238,0.5,0.383,-0.117
239,1.3,0.95,-0.35
240,1.5,1.514,0.014
241,0.5,0.418,-0.082
242,0.6,0.658,0.058
243,0,0.409,0.409
244,0.4,0.533,0.133
245,0.5,0.406,-0.094
246,1.4,1.443,0.043
247,0.3,0.483,0.183
248,0.7,0.54,-0.16
249,0.5,0.983,0.483
250,1.3,1.03,-0.27
251,0,-0.06,-0.06
252,1.2,1.248,0.048
253,0.6,1.066,0.466
254,0.7,0.571,-0.129
255,1,0.715,-0.285
256,0.7,1.022,0.322
257,0.5,0.505,0.005
258,0.4,0.538,0.138
259,1.3,1.206,-0.094
260,0.2,0.446,0.246
261,0.3,0.378,0.078
262,0.2,1.25,1.05
263,0.5,0.501,0.001
264,0.5,0.401,-0.099
265,1,1.183,0.183
266,0.9,0.919,0.019
267,0.5,0.544,0.044
268,0.3,0.352,0.052
269,0.5,0.43,-0.07
270,0.6,0.55,-0.05
271,0,-0.004,-0.004
272,0.5,0.48,-0.02
273,0.4,0.438,0.038
274,1.3,1.216,-0.084
275,1.3,1.24,-0.06
276,0.5,0.68,0.18
277,0.5,0.567,0.067
278,0.1,0.244,0.144
279,1.4,0.944,-0.456
280,1,1.099,0.099
281,0.3,0.325,0.025
282,0.8,1.259,0.459
283,0.6,0.658,0.058
284,0.8,0.752,-0.048
285,0.6,0.594,-0.006
286,1.9,1.623,-0.277
287,0.3,0.454,0.154
288,0.5,0.583,0.083
289,0.6,0.965,0.365
290,0.3,0.433,0.133
291,0.2,0.379,0.179
292,0.5,0.572,0.072
293,0.3,0.446,0.146
294,0.4,0.45,0.05
295,0.7,0.687,-0.013
296,0.6,0.674,0.074
297,0.4,0.373,-0.027
298,1.2,1.19,-0.01
299,0.4,0.246,-0.154
300,0.4,0.49,0.09
301,2.2,1.63,-0.57
302,2.1,1.608,-0.492
303,0.3,0.484,0.184
304,0.8,0.692,-0.108
305,1.3,1.588,0.288
306,0.7,1.077,0.377
307,0.8,0.909,0.109
308,0,-0.121,-0.121
309,0.7,0.571,-0.129
310,0.4,0.44,0.04
311,0.5,0.668,0.168
312,1,0.963,-0.037
313,1.6,1.63,0.03
314,0.5,0.588,0.088
315,0.7,0.695,-0.005
316,0.3,0.379,0.079
317,0.5,0.69,0.19
318,0.4,0.469,0.069
319,0.3,0.407,0.107
320,0.1,0.004,-0.096
321,0.5,0.53,0.03
322,0,-0.034,-0.034
323,1.1,1.17,0.07
324,0.3,0.249,-0.051
325,0.4,0.264,-0.136
326,0.4,0.651,0.251
327,1,0.973,-0.027
328,0.9,0.825,-0.075
329,0.7,0.69,-0.01
330,0.9,1.163,0.263
331,1.7,1.626,-0.074
332,1,1.476,0.476
333,0.7,1.228,0.528
334,0.9,0.847,-0.053
335,0.4,0.469,0.069
336,0.7,1.244,0.544
337,0.4,0.591,0.191
338,1,1.221,0.221
339,0.8,1.237,0.437
340,0.5,0.577,0.077
341,0.8,0.833,0.033
342,0.1,-0.035,-0.135
343,0.6,0.842,0.242
344,1.8,1.608,-0.192
345,0.4,0.581,0.181
346,0.3,0.408,0.108
347,0.4,0.525,0.125
348,0.3,0.441,0.141
349,1,1.199,0.199
350,0.8,0.934,0.134
351,1.2,0.922,-0.278
352,0.7,1.192,0.492
353,0.3,0.533,0.233
354,0.6,0.432,-0.168
355,0.8,0.568,-0.232
356,0.3,0.23,-0.07
357,0.6,0.482,-0.118
358,0.4,0.434,0.034
359,0.5,0.527,0.027
360,0.8,0.69,-0.11
361,0.6,0.694,0.094
362,1.4,1.589,0.189
363,0.4,0.413,0.013
364,0.6,0.439,-0.161
365,0.4,0.485,0.085
366,0.5,0.699,0.199
367,1.1,1.156,0.056
368,0.1,0.002,-0.098
369,0.7,0.691,-0.009
370,1.2,1.155,-0.045
371,0.3,0.411,0.111
372,1.1,1.427,0.327
373,0.6,0.645,0.045
374,0.7,0.69,-0.01
375,0.6,0.587,-0.013
376,0.6,0.694,0.094
377,0.4,0.643,0.243
378,0.4,0.405,0.005
379,2.3,1.411,-0.889
380,0.7,1.236,0.536
381,0.5,0.585,0.085
382,0.2,0.278,0.078
383,1.5,1.379,-0.121
384,1.1,1.068,-0.032
385,1.3,1.22,-0.08
386,0.7,0.69,-0.01
387,0.5,1.14,0.64
388,0.7,1.252,0.552
389,1,0.99,-0.01
390,0.5,0.479,-0.021
391,0.3,0.3,0
392,0.6,1.623,1.023
393,0.6,1.304,0.704
394,0.4,0.316,-0.084
395,1.5,1.041,-0.459
396,0.6,0.656,0.056
397,1.1,1.583,0.483
398,0.4,0.631,0.231
399,0.3,0.357,0.057
400,1.4,1.051,-0.349
401,0.2,0.314,0.114
402,0.3,0.39,0.09
403,2,1.616,-0.384
404,0.8,0.861,0.061
405,1.2,1.004,-0.196
406,1.4,0.985,-0.415
407,0.9,0.666,-0.234
408,0.6,1.002,0.402
409,0.7,0.645,-0.055
410,0.3,0.427,0.127
411,0.3,0.449,0.149
412,0.4,0.571,0.171
413,0.8,0.774,-0.026
414,0.4,0.531,0.131
415,1.3,1.226,-0.074
416,0.3,0.41,0.11
417,0.9,1.22,0.32
418,0.8,0.737,-0.063
419,0,-0.054,-0.054
420,0.3,0.463,0.163
421,1.6,1.631,0.031
422,0,-0.022,-0.022
423,1.3,1.147,-0.153
424,0.5,0.452,-0.048
425,0.4,0.323,-0.077
426,0.4,0.328,-0.072
427,0.2,0.44,0.24
428,0,-0.034,-0.034
429,1.4,0.861,-0.539
430,1.3,1.491,0.191
431,0.5,0.654,0.154
432,1.4,1.224,-0.176
433,0.2,0.262,0.062
434,0.6,0.662,0.062
435,1.1,1.238,0.138
436,0.7,1.28,0.58
437,1.5,1.548,0.048
438,1.2,1.064,-0.136
439,0.6,0.452,-0.148
440,0.5,1.066,0.566
441,1.5,1.574,0.074
442,0.1,0.017,-0.083
443,0.5,0.81,0.31
444,0.6,0.41,-0.19
445,0.7,0.544,-0.156
446,0.5,0.612,0.112
447,0.4,0.579,0.179
448,0.3,0.457,0.157
449,0.6,0.837,0.237
450,0.5,0.611,0.111
451,1.3,1.218,-0.082
452,0.3,0.16,-0.14
453,1.1,1.631,0.531
454,0.4,0.4,0
455,1.2,1.619,0.419
456,0.3,0.46,0.16
457,0.1,1.224,1.124
458,0.6,0.926,0.326
459,1.2,1.155,-0.045
460,0.8,1.069,0.269
461,1.4,1.118,-0.282
462,0.4,0.638,0.238
463,0.4,0.493,0.093
464,0.7,0.94,0.24
465,1.7,1.565,-0.135
466,0.2,0.283,0.083
467,0.4,0.224,-0.176
468,0.1,0.242,0.142
469,0.4,0.38,-0.02
470,0.5,0.426,-0.074
471,0.6,0.506,-0.094
472,0.5,0.358,-0.142
473,0.7,0.692,-0.008
474,0.9,0.949,0.049
475,0.1,0.107,0.007
476,0.3,0.197,-0.103
477,0.9,0.732,-0.168
478,0.6,0.64,0.04
479,1.9,1.165,-0.735
480,1.1,1.198,0.098
481,0.8,1.447,0.647
482,0.3,0.367,0.067
483,1.2,1.109,-0.091
484,0.3,0.274,-0.026
485,0.5,0.472,-0.028
486,0.3,0.328,0.028
487,0.4,0.406,0.006
488,0.1,0.021,-0.079
489,1.9,1.63,-0.27
490,0.4,0.407,0.007
491,0.2,0.533,0.333
492,1.1,1.172,0.072
493,0.5,0.644,0.144
494,0.4,0.37,-0.03
495,1.3,1.024,-0.276
496,0.5,0.484,-0.016
497,0.4,0.541,0.141
498,1.5,1.217,-0.283
499,0.6,0.452,-0.148
500,0,-0.027,-0.027
501,0.5,0.481,-0.019
502,0,-0.033,-0.033
503,0.9,1.082,0.182
504,1,1.015,0.015
505,0.4,0.434,0.034
506,1,1.467,0.467
507,0.6,0.481,-0.119
508,1.1,1.048,-0.052
509,0.8,0.928,0.128
510,0.2,0.432,0.232
511,0.9,1.04,0.14
512,0.7,0.659,-0.041
513,2,1.628,-0.372
514,0.2,0.351,0.151
515,0.2,0.025,-0.175
516,0,-0.018,-0.018
517,0.3,0.568,0.268
518,0.3,0.181,-0.119
519,0.6,0.822,0.222
520,0.4,0.553,0.153
521,0.4,0.387,-0.013
522,0.9,0.619,-0.281
523,0.3,0.382,0.082
524,0.2,0.199,-0.001
525,0.5,0.565,0.065
526,1.5,1.238,-0.262
527,0.1,0.012,-0.088
528,0.5,0.365,-0.135
529,0.6,0.546,-0.054
530,0.5,0.493,-0.007
531,0.7,0.611,-0.089
532,1.6,1.01,-0.59
533,0.3,0.321,0.021
534,0.1,0.232,0.132
535,1.1,1.23,0.13
536,2.1,1.63,-0.47
537,0.2,0.409,0.209
538,0.5,0.736,0.236
539,0.3,0.388,0.088
540,0.4,0.465,0.065
541,0.4,0.398,-0.002
542,0.4,0.458,0.058
543,1,1.225,0.225
544,0,-0.029,-0.029
545,0.1,-0.045,-0.145
546,0.4,0.444,0.044
547,0.7,0.935,0.235
548,0.3,0.414,0.114
549,0.4,0.394,-0.006
550,0.4,0.688,0.288
551,0.4,0.553,0.153
552,1.2,1.202,0.002
553,1,1.017,0.017
554,0.3,0.448,0.148
555,0.5,0.583,0.083
556,0,-0.103,-0.103
557,0.2,0.292,0.092
558,0.3,0.452,0.152
559,0.5,0.385,-0.115
560,0.7,0.976,0.276
561,0.6,0.556,-0.044
562,0.1,0.284,0.184
563,0.2,0.465,0.265
564,0.2,0.452,0.252
565,1,1.134,0.134
566,0.4,0.363,-0.037
567,1,1.173,0.173
568,1.3,1.223,-0.077
569,0.4,0.744,0.344
570,1.3,1.457,0.157
571,0.9,1.055,0.155
572,0.5,0.698,0.198
573,0.4,0.328,-0.072
574,1.2,1.027,-0.173
575,0.3,0.448,0.148
576,0.6,0.688,0.088
577,0.8,0.692,-0.108
578,0.5,0.413,-0.087
579,1,1.09,0.09
580,0.4,0.728,0.328
581,0.2,0.434,0.234
582,0.2,0.446,0.246
583,0.2,0.402,0.202
584,0.8,0.609,-0.191
585,0,0.369,0.369
586,0.8,1.246,0.446
587,0.9,1.217,0.317
588,0.4,0.404,0.004
589,0.5,0.641,0.141
590,0.4,0.408,0.008
591,0.9,0.71,-0.19
592,0.4,0.318,-0.082
593,0.9,1.609,0.709
594,1,0.699,-0.301
595,0.6,0.68,0.08
596,0.5,0.419,-0.081
597,1.3,1.203,-0.097
598,1.2,1.229,0.029
599,1,1.019,0.019
600,0.7,1.012,0.312
601,1.3,1.512,0.212
602,0.7,0.899,0.199
603,0.5,0.398,-0.102
604,0.3,0.426,0.126
605,0.4,0.399,-0.001
606,0.6,0.705,0.105
607,1.1,1.174,0.074
608,0.5,0.515,0.015
609,1.8,0.801,-0.999
610,0.1,-0.013,-0.113
611,1.2,1.155,-0.045
612,0.5,0.56,0.06
613,1.2,1.043,-0.157
614,0.5,0.513,0.013
615,0.7,0.691,-0.009
616,0.4,0.542,0.142
617,0.6,0.543,-0.057
618,1.1,1.361,0.261
619,1.5,1.6,0.1
620,1,0.462,-0.538
621,1.1,1.117,0.017
622,0.5,0.557,0.057
623,1,1.432,0.432
624,1,1.195,0.195
625,0.5,0.511,0.011
626,0.7,0.986,0.286
627,0.5,0.983,0.483
628,0.6,0.53,-0.07
629,0.6,0.662,0.062
630,0.7,0.758,0.058
631,0.4,0.567,0.167
632,1,0.958,-0.042
633,0.3,0.437,0.137
634,0.6,0.603,0.003
635,1,0.754,-0.246
636,1.3,1.326,0.026
637,0.7,1.041,0.341
638,0.9,0.907,0.007
639,1.3,1.226,-0.074
640,0.3,0.458,0.158
641,1.3,1.172,-0.128
642,0.1,0.32,0.22
643,0.4,0.315,-0.085
644,0.4,0.395,-0.005
645,0.5,0.539,0.039
646,0.2,0.349,0.149
647,0.7,1.119,0.419
648,0.6,0.613,0.013
649,0.5,0.542,0.042
650,1.9,1.206,-0.694
651,0.3,0.491,0.191
652,0.6,0.444,-0.156
653,0.4,0.534,0.134
654,0,0.011,0.011
655,0.6,0.647,0.047
656,1,1.631,0.631
657,0.4,0.345,-0.055
658,0,-0.176,-0.176
659,1.1,1.309,0.209
660,0.4,0.36,-0.04
661,0.4,0.57,0.17
662,0.8,0.803,0.003
663,1.2,1.347,0.147
664,0.9,1.181,0.281
665,0.5,0.483,-0.017
666,0.4,0.832,0.432
667,0,0.506,0.506
668,0,-0.004,-0.004
669,0,0.889,0.889
670,0.3,0.451,0.151
671,0.5,0.567,0.067
672,0.3,0.333,0.033
673,0.2,0.308,0.108
674,0.4,0.293,-0.107
675,0.7,0.864,0.164
676,0.3,0.46,0.16
677,1.2,1.624,0.424
678,0.1,0.459,0.359
679,0.5,0.606,0.106
680,1.2,1.006,-0.194
681,0,0.427,0.427
682,0.5,0.685,0.185
683,1.3,1.25,-0.05
684,0.2,0.018,-0.182
685,0.5,0.875,0.375
686,0.6,1.058,0.458
687,1.4,1.14,-0.26
688,0.3,0.453,0.153
689,0.8,1.129,0.329
690,1.1,1.212,0.112
691,0.9,0.954,0.054
692,0.3,0.37,0.07
693,0.5,0.544,0.044
694,0.8,1.065,0.265
695,0.9,1.245,0.345
696,0.8,0.757,-0.043
697,2,1.194,-0.806
698,0.3,0.432,0.132
699,1.4,1.045,-0.355
700,1.3,1.457,0.157
701,1.2,1.093,-0.107
702,1,0.691,-0.309
703,1,1.116,0.116
704,0.9,1.215,0.315
705,0.1,-0.064,-0.164
706,0.7,0.791,0.091
707,0.3,0.327,0.027
708,0.7,1.08,0.38
709,0.7,0.654,-0.046
710,0.7,1.236,0.536
711,0.3,0.459,0.159
712,0.7,0.615,-0.085
713,0.5,0.489,-0.011
714,0.7,0.343,-0.357
715,1.3,1.47,0.17
716,0.8,0.974,0.174
717,0.3,0.253,-0.047
718,0.8,0.816,0.016
719,0.3,0.468,0.168
720,0.4,0.442,0.042
721,0.2,0.306,0.106
722,0.4,0.53,0.13
723,0.3,0.375,0.075
724,1.1,0.718,-0.382
725,0.7,0.678,-0.022
726,0.4,0.519,0.119
727,0.9,1.059,0.159
728,1.4,0.913,-0.487
729,0.4,0.418,0.018
730,0.8,0.825,0.025
731,1.2,1.162,-0.038
732,0,-0.011,-0.011
733,0.7,0.679,-0.021
734,0.4,0.477,0.077
735,0.4,0.422,0.022
736,0.7,0.598,-0.102
737,1.3,1.223,-0.077
738,1.2,1.078,-0.122
739,0.1,0.078,-0.022
740,0.6,0.529,-0.071
741,0.6,0.571,-0.029
742,0.5,0.902,0.402
743,0.5,0.379,-0.121
744,0.9,1.012,0.112
745,0.4,0.504,0.104
746,0.8,0.562,-0.238
747,0.4,0.34,-0.06
748,0.5,0.426,-0.074
749,0.5,0.452,-0.048
750,1.3,1.011,-0.289
751,0,0.227,0.227
752,1.6,1.6,0
753,0.4,0.407,0.007
754,0.1,0.008,-0.092
755,1,0.804,-0.196
756,0.1,1.385,1.285
757,0.8,0.669,-0.131
758,0.4,0.649,0.249
759,1.8,1.608,-0.192
760,0.5,0.57,0.07
761,0.6,1.208,0.608
762,1,1.023,0.023
763,0.4,0.429,0.029
764,0.3,0.496,0.196
765,4.4,0.892,-3.508
766,0.5,0.505,0.005
767,0.2,0.349,0.149
768,0.2,0.428,0.228
769,0.6,0.658,0.058
770,0.4,0.502,0.102
771,1.3,0.982,-0.318
772,0.7,1.001,0.301
773,0.7,0.688,-0.012
774,1.3,1.134,-0.166
775,0.9,1.058,0.158
776,1.4,1.595,0.195
777,0.7,0.627,-0.073
778,0.4,0.458,0.058
779,1.7,1.452,-0.248
780,0.5,0.632,0.132
781,1.8,1.63,-0.17
782,0.7,0.689,-0.011
783,0.5,0.546,0.046
784,1.2,1.092,-0.108
785,0.8,1.254,0.454
786,0.6,0.562,-0.038
787,0.5,0.505,0.005
788,0.3,0.52,0.22
789,1.5,1.115,-0.385
790,0.4,0.457,0.057
791,0.8,0.994,0.194
792,0.9,0.902,0.002
793,0.2,0.424,0.224
794,0.2,0.226,0.026
795,1.5,1.352,-0.148
796,0.2,0.382,0.182
797,0.5,0.381,-0.119
798,1,1.258,0.258
799,0.6,0.607,0.007
800,0.4,0.406,0.006
801,0.3,0.482,0.182
802,0.2,0.346,0.146
803,1.1,1.232,0.132
804,0.6,0.457,-0.143
805,0.7,0.683,-0.017
806,0.4,0.514,0.114
807,0.3,0.432,0.132
808,0.3,0.385,0.085
809,0.4,0.535,0.135
810,0.7,0.928,0.228
811,0.9,1.006,0.106
812,0.6,1.079,0.479
813,0.5,0.966,0.466
814,0.4,0.396,-0.004
815,0.6,1.069,0.469
816,2.1,1.628,-0.472
817,0,-0.023,-0.023
818,1.3,1.007,-0.293
819,1.1,0.708,-0.392
820,0.5,0.458,-0.042
821,0.3,0.443,0.143
822,0.4,0.518,0.118
823,0.3,0.4,0.1
824,0.8,1.244,0.444
825,0.6,0.932,0.332
826,0.8,0.631,-0.169
827,0.1,0.02,-0.08
828,0,1.09,1.09
829,0.5,0.606,0.106
830,0.2,0.429,0.229
831,0.5,0.683,0.183
832,0.4,0.625,0.225
833,0.4,0.341,-0.059
834,0.5,0.39,-0.11
835,0.2,1.207,1.007
836,1.1,0.947,-0.153
837,0.8,0.894,0.094
838,1.6,1.5,-0.1
839,0.7,0.966,0.266
840,0.1,0.181,0.081
841,0.4,0.58,0.18
842,0.4,0.464,0.064
843,0.3,0.507,0.207
844,0.2,0.402,0.202
845,0.4,0.4,0
846,0.5,0.84,0.34
847,0.3,0.473,0.173
848,1,0.817,-0.183
849,0.3,0.405,0.105
850,0.6,0.492,-0.108
851,0.3,0.873,0.573
852,0.3,0.03,-0.27
853,0.5,0.468,-0.032
854,0.6,0.534,-0.066
855,0.3,0.443,0.143
856,0.3,0.329,0.029
857,0.9,1.112,0.212
858,0.6,0.713,0.113
859,0,1.158,1.158
860,0.6,0.647,0.047
861,0.4,0.465,0.065
862,1.9,1.524,-0.376
863,0.7,0.679,-0.021
864,0.7,0.676,-0.024
865,1.9,1.585,-0.315
866,1.4,1.615,0.215
867,0.7,0.942,0.242
868,0.3,0.363,0.063
869,0.7,0.88,0.18
870,0,-0.025,-0.025
871,1,0.931,-0.069
872,0.7,0.993,0.293
873,0.8,0.799,-0.001
874,0.5,0.559,0.059
875,0.6,0.756,0.156
876,0.4,0.536,0.136
877,2,1.629,-0.371
878,0.9,1.071,0.171
879,0.4,0.248,-0.152
880,0.5,0.698,0.198
881,0.5,0.67,0.17
882,0.6,0.538,-0.062
883,0,-0.107,-0.107
884,0.5,0.673,0.173
885,0.6,0.666,0.066
886,0.6,0.7,0.1
887,0.5,0.54,0.04
888,1.3,0.852,-0.448
889,0.3,0.446,0.146
890,0.9,1.231,0.331
891,0.5,0.352,-0.148
892,0.3,0.492,0.192
893,0.8,0.904,0.104
894,0.2,0.028,-0.172
895,0.7,0.691,-0.009
896,0.2,0.302,0.102
897,1,1.164,0.164
898,1.5,1.116,-0.384
899,1.1,1.234,0.134
900,0.3,0.03,-0.27
901,0.4,0.481,0.081
902,0.5,0.669,0.169
903,0.3,1.613,1.313
904,0.7,0.693,-0.007
905,0.4,0.369,-0.031
906,1.8,1.182,-0.618
907,1.1,1.144,0.044
908,1,1.233,0.233
909,0.8,1.121,0.321
910,1.1,0.819,-0.281
911,0.3,0.297,-0.003
912,0.4,0.616,0.216
913,0.4,0.422,0.022
914,0.7,1.242,0.542
915,0.5,0.563,0.063
916,1.2,1.625,0.425
917,0.8,1.082,0.282
918,1.2,0.961,-0.239
919,1.2,1.025,-0.175
920,1.5,1.268,-0.232
921,0.9,0.968,0.068
922,2,1.62,-0.38
923,0.2,0.075,-0.125
924,0.3,0.473,0.173
925,0.9,0.904,0.004
926,1.1,1.202,0.102
927,0.6,0.698,0.098
928,1.3,1.097,-0.203
929,0.9,1.246,0.346
930,0.2,0.407,0.207
931,0.5,0.676,0.176
932,1.5,1.549,0.049
933,1.3,1.598,0.298
934,1,0.362,-0.638
935,1.4,1.214,-0.186
936,0.6,0.75,0.15
937,0.1,-0.007,-0.107
938,1.2,1.102,-0.098
939,1.1,1.069,-0.031
940,1,1.446,0.446
941,0.4,0.576,0.176
942,1.5,0.984,-0.516
943,1.8,1.479,-0.321
944,1,0.566,-0.434
945,1.3,1.068,-0.232
946,0.7,0.914,0.214
947,1,1.084,0.084
948,0.2,0.313,0.113
949,0.4,0.529,0.129
950,0.4,0.459,0.059
1,0.3,0.311,0.011
2,0.3,0.265,-0.035
3,0.5,0.79,0.29
4,0.3,0.258,-0.042
5,0.2,0.168,-0.032
6,0.9,1.011,0.111
7,0.8,0.767,-0.033
8,0,-0.15,-0.15
9,0.5,0.342,-0.158
10,0.5,0.539,0.039
11,0.4,0.303,-0.097
12,0.6,0.55,-0.05
13,0.2,0.312,0.112
14,0.2,0.325,0.125
15,0.5,0.16,-0.34
16,0.6,0.372,-0.228
17,0.3,0.259,-0.041
18,0.5,0.434,-0.066
19,0.5,0.44,-0.06
20,0.2,0.307,0.107
21,1.6,1.448,-0.152
22,0.5,1.045,0.545
23,0.3,1.036,0.736
24,0.5,0.369,-0.131
25,0,-0.173,-0.173
26,0.8,0.724,-0.076
27,0.7,0.446,-0.254
28,0.8,1.043,0.243
29,1.6,1.642,0.042
30,0.6,0.984,0.384
31,1.1,0.989,-0.111
32,0.1,0.321,0.221
33,0.7,0.522,-0.178
34,0.7,0.393,-0.307
35,0.6,0.384,-0.216
36,0.7,0.665,-0.035
37,0.5,0.703,0.203
38,1.2,1.102,-0.098
39,0.4,0.397,-0.003
40,1.6,1.542,-0.058
41,1.1,1.034,-0.066
42,1.2,1.18,-0.02
43,0.5,0.48,-0.02
44,1.6,1.478,-0.122
45,0,-0.208,-0.208
46,0.6,0.5,-0.1
47,0.7,0.545,-0.155
48,0.6,0.412,-0.188
49,0,-0.174,-0.174
50,1.3,1.304,0.004
51,0.6,1.064,0.464
52,0.4,0.355,-0.045
53,0.6,0.469,-0.131
54,0.7,1.183,0.483
55,1.2,1.163,-0.037
56,0.3,0.197,-0.103
57,1.2,0.96,-0.24
58,0.5,0.81,0.31
59,1.5,1.276,-0.224
60,0.4,0.465,0.065
61,0.6,0.182,-0.418
62,1.1,0.738,-0.362
63,0.2,0.318,0.118
64,0.5,0.567,0.067
65,0.4,0.142,-0.258
66,0.2,0.206,0.006
67,0.5,0.212,-0.288
68,0.3,0.435,0.135
69,0.5,0.18,-0.32
70,1.6,1.644,0.044
71,0.2,0.336,0.136
72,1.2,1.039,-0.161
73,0.3,0.177,-0.123
74,0.4,0.523,0.123
75,0.4,0.273,-0.127
76,0.4,0.298,-0.102
77,1.4,1.139,-0.261
78,0.6,0.517,-0.083
79,0.5,0.314,-0.186
80,0.3,0.191,-0.109
81,0.7,0.668,-0.032
82,1.3,1.469,0.169
83,0.7,0.589,-0.111
84,1.2,1.035,-0.165
85,0.6,0.261,-0.339
86,0.2,0.305,0.105
87,0.4,0.253,-0.147
88,0.6,1.114,0.514
89,0.6,0.349,-0.251
90,2.2,1.599,-0.601
91,0.4,0.298,-0.102
92,0.7,0.347,-0.353
93,0,-0.121,-0.121
94,1.4,1.596,0.196
95,1.1,0.939,-0.161
96,0.6,0.573,-0.027
97,1,0.298,-0.702
98,1.1,1.033,-0.067
99,0.5,0.293,-0.207
100,0.9,0.717,-0.183
101,1.1,0.859,-0.241
102,1.9,1.633,-0.267
103,0.6,0.463,-0.137
104,0.7,1.03,0.33
105,1.1,0.981,-0.119
106,0,-0.163,-0.163
107,0.8,0.875,0.075
108,0.7,0.577,-0.123
109,0.6,0.927,0.327
110,0.5,0.234,-0.266
111,1.2,1.483,0.283
112,0.9,0.969,0.069
113,1.7,1.552,-0.148
114,1.2,1.011,-0.189
115,0.4,0.522,0.122
116,0.5,0.775,0.275
117,0.7,0.549,-0.151
118,0.9,0.955,0.055
119,0.4,0.28,-0.12
120,0.3,0.239,-0.061
121,2,0.817,-1.183
122,0.8,0.576,-0.224
123,1.4,1.407,0.007
124,0.5,0.547,0.047
125,1.3,1.079,-0.221
126,0.6,0.515,-0.085
127,1.2,1.036,-0.164
128,0.8,1.01,0.21
129,0.4,0.173,-0.227
130,1.2,1.198,-0.002
131,0.5,0.372,-0.128
132,0.3,0.405,0.105
133,0.2,0.311,0.111
134,1.2,1.246,0.046
135,0.5,0.812,0.312
136,0.4,0.212,-0.188
137,0.8,1.078,0.278
138,0.3,0.415,0.115
139,0.9,0.84,-0.06
140,0.4,0.262,-0.138
141,0.4,0.355,-0.045
142,1.7,1.596,-0.104
143,0.4,0.355,-0.045
144,0.7,0.337,-0.363
145,1,0.467,-0.533
146,0.5,0.396,-0.104
147,0.5,0.358,-0.142
148,0.5,0.348,-0.152
149,0.4,0.204,-0.196
150,0.7,0.572,-0.128
151,0.4,0.207,-0.193
152,0.2,0.225,0.025
153,0.9,1.016,0.116
154,0.3,0.246,-0.054
155,0.4,0.313,-0.087
156,0.3,0.251,-0.049
157,0.6,0.415,-0.185
158,1.2,1.039,-0.161
159,1.6,1.077,-0.523
160,0.5,0.313,-0.187
161,1.1,1.049,-0.051
162,0.5,0.451,-0.049
163,0.4,0.352,-0.048
164,1.1,0.922,-0.178
165,1.5,1.441,-0.059
166,0.7,1.043,0.343
167,0.4,0.298,-0.102
168,0.1,-0.088,-0.188
169,0.5,0.264,-0.236
170,0.5,0.345,-0.155
171,0.5,0.313,-0.187
172,0.2,0.331,0.131
173,0.2,0.27,0.07
174,1,1.313,0.313
175,1.4,1.174,-0.226
176,0.9,1.041,0.141
177,1.4,1.375,-0.025
178,0.6,0.807,0.207
179,1.6,1.443,-0.157
180,1.1,0.628,-0.472
181,1.1,1.049,-0.051
182,0.7,0.304,-0.396
183,1.1,1.021,-0.079
184,0.3,-0.081,-0.381
185,0.2,0.308,0.108
186,0.5,0.293,-0.207
187,0.4,0.469,0.069
188,0.5,0.521,0.021
189,0.3,0.28,-0.02
190,0.7,0.331,-0.369
191,0.9,1.408,0.508
192,0.4,0.552,0.152
193,1.1,0.954,-0.146
194,1,1.425,0.425
195,1.5,0.838,-0.662
196,1.9,1.291,-0.609
197,0.6,0.444,-0.156
198,0.5,0.35,-0.15
199,0.6,0.522,-0.078
200,0.2,-0.085,-0.285
201,0.5,0.302,-0.198
202,1,1.022,0.022
203,1.1,0.984,-0.116
204,0,-0.275,-0.275
205,0.7,0.352,-0.348
206,1.3,0.301,-0.999
207,0.3,0.439,0.139
208,1.5,1.578,0.078
209,0.7,1.021,0.321
210,0.2,-0.119,-0.319
211,1.9,0.243,-1.657
212,0,-0.194,-0.194
213,1.3,1.2,-0.1
214,0.3,0.288,-0.012
215,0.7,0.723,0.023
216,0.8,1.043,0.243
217,1.1,1.034,-0.066
218,0.3,0.319,0.019
219,2.2,1.333,-0.867
220,0.5,0.351,-0.149
221,0.3,0.282,-0.018
222,0,-0.153,-0.153
223,1,1.052,0.052
224,1,1.032,0.032
225,1.4,1.031,-0.369
226,0.4,0.469,0.069
227,1.2,1.045,-0.155
228,0.9,0.956,0.056
229,1.1,1.036,-0.064
230,1,1.197,0.197
231,0.8,1.424,0.624
232,0.4,0.286,-0.114
233,1.1,1.211,0.111
234,0.4,0.354,-0.046
235,2,1.546,-0.454
236,0,0.357,0.357
237,0.6,0.451,-0.149
238,0.6,0.455,-0.145
239,0,1.069,1.069
240,0.5,0.278,-0.222
241,1.1,1.035,-0.065
242,1,0.751,-0.249
243,0.4,0.34,-0.06
244,0.5,0.982,0.482
245,0.5,0.304,-0.196
246,0.4,1.079,0.679
247,0.3,0.274,-0.026
248,0.3,0.273,-0.027
249,1.6,1.599,-0.001
250,0.6,0.528,-0.072
251,0.5,0.47,-0.03
252,0.3,0.296,-0.004
253,0.3,0.306,0.006
254,0.7,0.409,-0.291
255,0.6,0.949,0.349
256,0.4,0.282,-0.118
257,0.1,0.257,0.157
258,1.9,1.579,-0.321
259,0.4,0.677,0.277
260,0.2,0.856,0.656
261,0,-0.022,-0.022
262,0.3,0.138,-0.162
263,0.8,0.902,0.102
264,1,0.695,-0.305
265,0.2,0.273,0.073
266,1.1,1.037,-0.063
267,0.4,1.08,0.68
268,1.1,1.365,0.265
269,0.5,0.352,-0.148
270,1.3,1.04,-0.26
271,0.9,1.043,0.143
272,0.7,1.247,0.547
273,1.2,1.041,-0.159
274,0.5,0.391,-0.109
275,1.7,1.607,-0.093
276,1.2,1.149,-0.051
277,0.4,0.293,-0.107
278,1,1.264,0.264
279,0.5,1.384,0.884
280,0.5,0.534,0.034
281,0.4,0.345,-0.055
282,0.4,0.395,-0.005
283,0.6,0.38,-0.22
284,0.4,0.339,-0.061
285,0.3,-0.064,-0.364
286,0.6,0.414,-0.186
287,0.6,0.545,-0.055
288,0.3,0.222,-0.078
289,1.1,0.291,-0.809
290,0.6,0.48,-0.12
291,1.2,1.411,0.211
292,0.2,0.29,0.09
293,1,1.09,0.09
294,0.2,0.313,0.113
295,0.6,0.306,-0.294
296,0,-0.025,-0.025
297,0.5,0.349,-0.151
298,0.4,0.446,0.046
299,0.7,1.017,0.317
300,0.3,0.275,-0.025
301,0.3,0.522,0.222
302,0.3,0.394,0.094
303,0.4,0.376,-0.024
304,0.2,0.297,0.097
305,0.4,0.372,-0.028
306,0.8,0.891,0.091
307,0.7,0.955,0.255
308,1.2,1.13,-0.07
309,0.4,0.41,0.01
310,0.2,0.326,0.126
311,0.5,0.35,-0.15
312,0.6,0.976,0.376
313,0.6,0.443,-0.157
314,0.5,0.18,-0.32
315,0.5,0.66,0.16
316,0.7,0.675,-0.025
317,0.5,0.344,-0.156
318,0.3,0.348,0.048
319,0.9,0.841,-0.059
320,0.5,0.376,-0.124
321,0.7,0.759,0.059
322,1.4,1.404,0.004
323,0.1,-0.079,-0.179
324,0.4,0.26,-0.14
325,0.6,0.691,0.091
326,1,0.846,-0.154
327,0.9,1.032,0.132
328,1.8,1.62,-0.18
329,0.4,0.276,-0.124
330,0.4,0.153,-0.247
331,1.5,1.424,-0.076
332,0.1,-0.09,-0.19
333,0.6,0.551,-0.049
334,0.8,0.599,-0.201
335,0.6,0.486,-0.114
336,0.8,0.796,-0.004
337,0.4,0.473,0.073
338,0.3,0.143,-0.157
339,1.3,1,-0.3
340,0.3,0.462,0.162
341,1.4,1.451,0.051
342,0.7,0.45,-0.25
343,0.5,0.745,0.245
344,0.4,0.325,-0.075
345,0.5,0.284,-0.216
346,0.6,0.547,-0.053
347,0.4,0.255,-0.145
348,0,-0.12,-0.12
349,0.7,0.965,0.265
350,1.2,1.074,-0.126
351,0.4,0.248,-0.152
352,1.2,1.629,0.429
353,0.3,0.267,-0.033
354,0.3,0.281,-0.019
355,0.7,0.763,0.063
356,1.6,0.939,-0.661
357,1,1.378,0.378
358,0.2,0.23,0.03
359,0.4,0.192,-0.208
360,0.3,0.205,-0.095
361,0.6,0.409,-0.191
362,1,0.666,-0.334
363,1.4,1.143,-0.257
364,0.6,0.569,-0.031
365,0.3,0.292,-0.008
366,0.5,0.306,-0.194
367,1,1.006,0.006
368,1.8,1.646,-0.154
369,1,1.088,0.088
370,0.7,0.909,0.209
371,0.6,0.142,-0.458
372,0.1,-0.123,-0.223
373,2,1.049,-0.951
374,1.3,1.039,-0.261
375,0.6,0.395,-0.205
376,0.5,0.304,-0.196
377,0.3,0.292,-0.008
378,0.1,-0.141,-0.241
379,0.5,0.413,-0.087
380,0.7,0.291,-0.409
381,0,-0.269,-0.269
382,0.3,0.302,0.002
383,1.1,1.02,-0.08
384,1.2,0.872,-0.328
385,0.1,-0.086,-0.186
386,0.2,0.192,-0.008
387,1.2,1.022,-0.178
388,0.7,1.159,0.459
389,0.1,-0.12,-0.22
390,1.1,1.236,0.136
391,0.5,0.283,-0.217
392,0.5,0.336,-0.164
393,1.1,1.193,0.093
394,0.8,1.021,0.221
395,0.2,0.736,0.536
396,0.5,0.564,0.064
397,0.6,0.577,-0.023
398,0.3,0.286,-0.014
399,1.1,1.127,0.027
400,0.3,0.049,-0.251
401,0.4,0.458,0.058
402,0.3,0.159,-0.141
403,1.2,1.545,0.345
404,1.3,1.236,-0.064
405,0.9,1.367,0.467
406,1.3,1.214,-0.086
407,0.2,-0.087,-0.287
408,1.5,1.103,-0.397
409,0.6,0.329,-0.271
410,0.1,0.072,-0.028
411,0.8,0.745,-0.055
412,0.2,-0.082,-0.282
413,0.2,0.328,0.128
414,0.5,0.271,-0.229
415,1.1,1.371,0.271
416,0.6,0.435,-0.165
417,0.4,0.266,-0.134
418,0.4,0.156,-0.244
419,0.5,0.511,0.011
420,0.1,0.113,0.013
421,0.8,0.621,-0.179
422,0.7,0.469,-0.231
423,0.7,0.948,0.248
424,0.5,0.352,-0.148
425,1,1.032,0.032
426,1,0.794,-0.206
427,1.2,0.952,-0.248
428,0.5,0.38,-0.12
429,0.8,0.662,-0.138
430,0.2,0.294,0.094
431,0.7,0.279,-0.421
432,0.6,0.396,-0.204
433,2.1,1.612,-0.488
434,0.3,0.287,-0.013
435,1.2,1.427,0.227
436,0.4,0.286,-0.114
437,0.4,0.383,-0.017
438,0.4,0.215,-0.185
439,0.3,0.448,0.148
440,0.2,0.211,0.011
441,1.5,1.544,0.044
442,0.6,0.462,-0.138
443,0.9,0.731,-0.169
444,1,0.939,-0.061
445,1.4,1.223,-0.177
446,0.5,0.275,-0.225
447,0.2,0.123,-0.077
448,0.2,0.284,0.084
449,0.5,0.341,-0.159
450,0.4,0.311,-0.089
451,1.5,1.286,-0.214
452,0.9,0.654,-0.246
453,0.5,0.293,-0.207
454,0.7,1.025,0.325
455,0.4,0.393,-0.007
456,0.5,0.577,0.077
457,0.6,0.502,-0.098
458,0.7,0.579,-0.121
459,0.3,0.2,-0.1
460,0.7,0.246,-0.454
461,0.3,0.332,0.032
462,0.8,0.791,-0.009
463,1.2,1.076,-0.124
464,2,1.599,-0.401
465,0.9,1.26,0.36
466,0,-0.251,-0.251
467,0.5,0.465,-0.035
468,0.5,0.432,-0.068
469,0.3,0.317,0.017
470,0,-0.183,-0.183
471,0.8,1.192,0.392
472,1.1,1.008,-0.092
473,0.4,0.323,-0.077
474,0.1,-0.125,-0.225
475,0.4,0.319,-0.081
476,0.5,0.325,-0.175
477,0.7,0.459,-0.241
478,0.1,-0.288,-0.388
479,1.7,1.609,-0.091
480,0.5,0.311,-0.189
481,1.2,0.856,-0.344
482,0.5,0.353,-0.147
483,0.5,0.403,-0.097
484,2.1,1.628,-0.472
485,0.6,0.223,-0.377
486,0.5,0.318,-0.182
487,0.4,0.418,0.018
488,0.4,0.364,-0.036
489,0.6,0.14,-0.46
490,0.6,0.918,0.318
491,1.4,1.625,0.225
492,0.3,0.166,-0.134
493,0.7,0.416,-0.284
494,2.2,1.346,-0.854
495,0.2,-0.08,-0.28
496,0.5,0.219,-0.281
497,0.5,0.542,0.042
498,1.1,1.338,0.238
499,0.8,1.034,0.234
500,1.7,1.605,-0.095
501,0.4,0.337,-0.063
502,1.2,1.054,-0.146
503,0.4,0.212,-0.188
504,0.4,0.305,-0.095
505,1.4,1.452,0.052
506,0.7,0.542,-0.158
507,0.3,0.254,-0.046
508,0.5,0.275,-0.225
509,0.1,-0.247,-0.347
510,1.4,1.136,-0.264
511,0.5,0.593,0.093
512,0.4,0.313,-0.087
513,1.1,0.785,-0.315
514,0.5,0.371,-0.129
515,1.1,0.833,-0.267
516,0.6,0.178,-0.422
517,1.3,1.583,0.283
518,1.8,1.647,-0.153
519,0.5,0.352,-0.148
520,0.6,0.316,-0.284
521,0.7,1.404,0.704
522,0.1,-0.104,-0.204
523,0.4,0.293,-0.107
524,0.7,0.573,-0.127
525,1,1.061,0.061
526,0.3,0.238,-0.062
527,0.6,0.431,-0.169
528,1.1,1.41,0.31
529,0.6,0.596,-0.004
530,0.7,0.546,-0.154
531,0.5,0.33,-0.17
532,0.6,0.527,-0.073
533,1,1.024,0.024
534,0.5,0.641,0.141
535,1.3,1.515,0.215
536,0.6,0.571,-0.029
537,1.3,1.425,0.125
538,0.2,0.295,0.095
539,0.7,0.471,-0.229
540,0.5,0.28,-0.22
541,0.7,0.83,0.13
542,0.7,1.036,0.336
543,0.7,0.95,0.25
544,1.9,1.362,-0.538
545,0.9,1.033,0.133
546,0.4,0.447,0.047
547,2.4,1.628,-0.772
548,0.2,-0.079,-0.279
549,1.3,1.157,-0.143
550,0.5,0.465,-0.035
551,0.8,0.952,0.152
552,0.4,0.341,-0.059
553,0.4,0.333,-0.067
554,1.1,0.846,-0.254
555,1.8,1.556,-0.244
556,0,-0.1,-0.1
557,1,1.125,0.125
558,0.4,0.488,0.088
559,0.9,0.726,-0.174
560,1.1,0.739,-0.361
561,0.4,0.335,-0.065
562,0.7,0.403,-0.297
563,0.3,0.23,-0.07
564,0.5,0.393,-0.107
565,0.6,0.419,-0.181
566,1.1,1.144,0.044
567,0.9,1.038,0.138
568,0.4,0.291,-0.109
569,0.4,0.418,0.018
570,0.7,0.609,-0.091
571,0.4,0.356,-0.044
572,0.6,0.575,-0.025
573,0.4,0.277,-0.123
574,0.8,1.024,0.224
575,0.2,0.281,0.081
576,0.8,0.863,0.063
577,0.1,0.103,0.003
578,0,-0.173,-0.173
579,0.2,0.03,-0.17
580,0.4,0.926,0.526
581,0.1,-0.097,-0.197
582,0.5,0.377,-0.123
583,0.3,0.273,-0.027
584,0.5,0.34,-0.16
585,0.2,0.26,0.06
586,0.8,1.043,0.243
587,0.2,-0.135,-0.335
588,0.4,0.133,-0.267
589,1,1.002,0.002
590,1,1.079,0.079
591,1.4,1.557,0.157
592,0.4,0.239,-0.161
593,0.3,0.27,-0.03
594,0.5,0.447,-0.053
595,0.5,0.304,-0.196
596,1,1.348,0.348
597,0.3,0.565,0.265
598,0.8,1.185,0.385
599,0.6,0.42,-0.18
600,0.7,0.908,0.208
601,1.2,1.087,-0.113
602,0.4,0.174,-0.226
603,0.9,1.03,0.13
604,0.9,1.051,0.151
605,0.5,0.5,0
606,1,0.296,-0.704
607,0.2,0.131,-0.069
608,0.6,1.208,0.608
609,1.7,1.604,-0.096
610,1.5,1.644,0.144
611,0.7,1.075,0.375
612,0.4,0.133,-0.267
613,0.3,0.332,0.032
614,1.2,1.378,0.178
615,0.6,1.027,0.427
616,1.2,1.119,-0.081
617,0.9,0.773,-0.127
618,0.3,-0.083,-0.383
619,0.2,0.304,0.104
620,0.5,0.365,-0.135
621,0.1,-0.179,-0.279
622,0.9,0.906,0.006
623,1.2,1.045,-0.155
624,0.1,-0.112,-0.212
625,0.7,0.927,0.227
626,0.6,0.454,-0.146
627,0.9,0.862,-0.038
628,0.9,0.453,-0.447
629,0.3,0.068,-0.232
630,1.3,1.133,-0.167
631,0.3,0.425,0.125
632,1.1,1.181,0.081
633,0.3,0.585,0.285
634,0.3,0.349,0.049
635,0.5,0.424,-0.076
636,0.4,0.306,-0.094
637,0.4,0.298,-0.102
638,1.6,1.41,-0.19
639,0.4,0.364,-0.036
640,0.8,0.835,0.035
641,0.5,0.457,-0.043
642,1.6,1.021,-0.579
643,1,1.02,0.02
644,0.4,0.299,-0.101
645,0.5,0.565,0.065
646,0.8,0.422,-0.378
647,1.5,1.507,0.007
648,1.3,1.045,-0.255
649,0.7,0.304,-0.396
650,0.6,0.346,-0.254
651,0.2,0.265,0.065
652,0.7,0.512,-0.188
653,0.2,0.281,0.081
654,2.9,1.458,-1.442
655,0.6,0.302,-0.298
656,0.9,0.922,0.022
657,0.8,1.02,0.22
658,1.2,1.615,0.415
659,0.2,0.115,-0.085
660,0.6,0.282,-0.318
661,0.5,0.315,-0.185
662,0.7,0.567,-0.133
663,0.5,0.608,0.108
664,0.9,1.001,0.101
665,0.7,0.887,0.187
666,0.6,0.569,-0.031
667,0.9,0.877,-0.023
668,0.3,0.244,-0.056
669,0.2,0.272,0.072
670,1.6,1.385,-0.215
671,1.4,1.136,-0.264
672,0.2,0.057,-0.143
673,0.8,0.724,-0.076
674,0.2,0.316,0.116
675,1.6,1.653,0.053
676,0.7,0.962,0.262
677,1,1.448,0.448
678,0.6,0.526,-0.074
679,0.6,0.351,-0.249
680,0.2,0.288,0.088
681,0.3,0.272,-0.028
682,1.2,1.034,-0.166
683,0.6,0.161,-0.439
684,0.6,0.59,-0.01
685,1.1,1.541,0.441
686,0.5,1.006,0.506
687,0.4,0.455,0.055
688,0.3,0.423,0.123
689,0.4,0.263,-0.137
690,0.3,0.333,0.033
691,0.2,0.158,-0.042
692,0.6,0.89,0.29
693,1,1.396,0.396
694,1.1,1.178,0.078
695,0.4,0.29,-0.11
696,0.3,0.19,-0.11
697,1.3,0.927,-0.373
698,0.9,0.968,0.068
699,0.2,0.175,-0.025
700,0.4,0.279,-0.121
701,0.8,0.927,0.127
702,0.4,0.289,-0.111
703,0.2,0.154,-0.046
704,1.7,1.274,-0.426
705,0.7,1.249,0.549
706,0.5,0.33,-0.17
707,0.7,0.449,-0.251
708,0.4,0.271,-0.129
709,0.3,0.161,-0.139
710,0.4,0.269,-0.131
711,0.6,0.631,0.031
712,0.5,0.326,-0.174
713,0.1,-0.164,-0.264
714,0.5,0.286,-0.214
715,0.9,1.135,0.235
716,0.8,0.483,-0.317
717,0.6,0.729,0.129
718,0.4,0.167,-0.233
719,0.6,0.456,-0.144
720,0.7,0.945,0.245
721,2,1.65,-0.35
722,0.3,0.292,-0.008
723,0.4,0.341,-0.059
724,1.2,1.195,-0.005
725,0.9,0.723,-0.177
726,0.3,0.309,0.009
727,0.3,0.301,0.001
728,0.3,0.208,-0.092
729,1.3,1.435,0.135
730,0.5,0.357,-0.143
731,0.3,0.267,-0.033
732,0.2,-0.177,-0.377
733,0.8,1.016,0.216
734,0.6,0.55,-0.05
735,1.1,1.294,0.194
736,0.7,0.487,-0.213
737,0.4,0.362,-0.038
738,1.6,1.565,-0.035
739,1.4,1.26,-0.14
740,0.6,0.481,-0.119
741,0.7,0.463,-0.237
742,0.9,0.823,-0.077
743,0.4,0.136,-0.264
744,0.6,0.411,-0.189
745,0.9,0.997,0.097
746,1,0.796,-0.204
747,1.5,1.448,-0.052
748,1.2,1.28,0.08
749,0.8,0.855,0.055
750,1.2,1.038,-0.162
751,1,1.469,0.469
752,0.3,0.322,0.022
753,0.6,0.582,-0.018
754,0.3,1.617,1.317
755,0.1,0.329,0.229
756,0.5,0.569,0.069
757,0.4,0.31,-0.09
758,0.7,0.498,-0.202
759,0.4,0.262,-0.138
760,1.7,1.266,-0.434
761,0.3,0.515,0.215
762,0.4,0.332,-0.068
763,0.5,0.419,-0.081
764,0.6,0.467,-0.133
765,0.7,0.775,0.075
766,0.7,0.986,0.286
767,0.4,0.397,-0.003
768,1,1.039,0.039
769,0.2,0.305,0.105
770,1.1,1.282,0.182
771,0.8,1.079,0.279
772,0.4,0.397,-0.003
773,1,0.51,-0.49
774,0.6,0.487,-0.113
775,0.6,0.349,-0.251
776,0.9,0.912,0.012
777,1.3,1.054,-0.246
778,0.3,0.255,-0.045
779,0.5,0.369,-0.131
780,0.5,0.66,0.16
781,0.5,0.583,0.083
782,0.9,0.862,-0.038
783,1.6,1.64,0.04
784,1.3,1.17,-0.13
785,0.4,0.426,0.026
786,0.4,0.514,0.114
787,1,0.986,-0.014
788,0.4,0.451,0.051
789,0.6,0.995,0.395
790,0.5,0.294,-0.206
791,0.7,0.474,-0.226
792,0.5,0.17,-0.33
793,0.1,-0.146,-0.246
794,1.5,1.027,-0.473
795,0.5,0.467,-0.033
796,0.4,0.303,-0.097
797,1.2,1.111,-0.089
798,0.1,-0.132,-0.232
799,1.3,1.049,-0.251
800,0.8,1.115,0.315
801,0.6,0.28,-0.32
802,0.4,0.241,-0.159
803,1.1,0.938,-0.162
804,0.2,0.145,-0.055
805,0.5,0.3,-0.2
806,0.3,0.215,-0.085
807,0.5,0.312,-0.188
808,0.9,1.447,0.547
809,0.5,0.444,-0.056
810,1.6,1.151,-0.449
811,0,-0.135,-0.135
812,0.2,0.13,-0.07
813,0.5,0.245,-0.255
814,0.5,0.379,-0.121
815,0.5,0.45,-0.05
816,0.5,0.429,-0.071
817,0.3,0.7,0.4
818,0.8,1.15,0.35
819,0.4,0.504,0.104
820,1.1,1.177,0.077
821,0.7,0.574,-0.126
822,0.5,0.359,-0.141
823,1.2,0.904,-0.296
824,0.5,0.323,-0.177
825,0.4,0.261,-0.139
826,0.3,0.279,-0.021
827,0.3,0.304,0.004
828,0.6,0.291,-0.309
829,0.6,0.356,-0.244
830,0.3,0.25,-0.05
831,1.6,1.613,0.013
832,0.3,0.504,0.204
833,1.3,1.119,-0.181
834,0.9,1.164,0.264
835,0.9,1.007,0.107
836,0.5,0.426,-0.074
837,0.6,0.188,-0.412
838,0.4,0.569,0.169
839,2.6,1.133,-1.467
840,0.7,0.724,0.024
841,0.6,0.738,0.138
842,1.1,1.002,-0.098
843,0.3,0.354,0.054
844,1.8,1.552,-0.248
845,0.4,0.368,-0.032
846,0.5,0.751,0.251
847,0.3,0.232,-0.068
848,0.1,-0.165,-0.265
849,0.5,0.44,-0.06
850,0.2,0.282,0.082
851,0.3,0.27,-0.03
852,0.4,0.285,-0.115
853,0.2,0.263,0.063
854,0.4,0.6,0.2
855,1.2,1.287,0.087
856,1.1,0.971,-0.129
857,1.1,1.054,-0.046
858,1.2,1.073,-0.127
859,0.3,0.479,0.179
860,0.4,0.296,-0.104
861,0.6,0.458,-0.142
862,1.1,1.047,-0.053
863,3,1.03,-1.97
864,1.1,1.032,-0.068
865,0.6,0.874,0.274
866,0.7,0.588,-0.112
867,1.1,0.966,-0.134
868,1.5,1.097,-0.403
869,0.8,0.957,0.157
870,0.2,0.274,0.074
871,0.3,0.343,0.043
872,0.2,0.261,0.061
873,0.9,1.427,0.527
874,1.2,1.416,0.216
875,0.9,0.835,-0.065
876,1.4,1.155,-0.245
877,0.5,0.294,-0.206
878,0.5,0.461,-0.039
879,1.3,1.621,0.321
880,1.3,1.073,-0.227
881,0.3,0.285,-0.015
882,0.3,0.462,0.162
883,1.8,1.516,-0.284
884,0.3,0.432,0.132
885,2,1.607,-0.393
886,0.6,0.354,-0.246
887,1.2,1.164,-0.036
888,0.3,0.249,-0.051
889,0.1,-0.09,-0.19
890,0.5,0.344,-0.156
891,1.7,1.6,-0.1
892,2,1.643,-0.357
893,0.7,1.01,0.31
894,1.2,1.182,-0.018
895,0.3,0.301,0.001
896,1.3,1.056,-0.244
897,0.4,0.36,-0.04
898,0.6,0.899,0.299
899,0.5,0.445,-0.055
900,0.3,0.329,0.029
901,0.8,0.788,-0.012
902,0.5,0.295,-0.205
903,0.3,0.576,0.276
904,0.2,0.275,0.075
905,0.3,0.196,-0.104
906,0.4,0.151,-0.249
907,1.1,1.069,-0.031
908,0.1,0.271,0.171
909,0.3,0.287,-0.013
910,1.2,1.303,0.103
911,1,0.839,-0.161
912,0.3,0.228,-0.072
913,1.2,1.228,0.028
914,0.5,0.363,-0.137
915,0,-0.109,-0.109
916,0.4,0.274,-0.126
917,0.4,0.258,-0.142
918,2,1.638,-0.362
919,1.3,0.631,-0.669
920,1.1,1.42,0.32
921,0.9,0.918,0.018
922,0.1,0.028,-0.072
923,0.3,0.281,-0.019
924,0.2,0.319,0.119
925,0.7,0.514,-0.186
926,0.3,0.336,0.036
927,0.5,0.302,-0.198
928,0.3,0.28,-0.02
929,0.6,0.503,-0.097
930,2,1.613,-0.387
931,0.7,1.489,0.789
932,1,1.046,0.046
933,0.7,0.836,0.136
934,1.4,1.026,-0.374
935,0.5,0.419,-0.081
936,0.1,-0.156,-0.256
937,0.6,0.416,-0.184
938,1.2,1.403,0.203
939,0.4,0.184,-0.216
940,0.3,0.33,0.03
941,0.3,0.15,-0.15
942,0.4,0.245,-0.155
943,0.3,0.303,0.003
944,0.8,0.617,-0.183
945,0.5,0.386,-0.114
946,1.6,1.582,-0.018
947,1.2,1.451,0.251
948,0.6,0.461,-0.139
949,0.7,0.59,-0.11
950,0.4,0.253,-0.147
1,0.4,0.563,0.163
2,0.4,0.576,0.176
3,0.5,0.569,0.069
4,0.6,0.945,0.345
5,1.2,0.597,-0.603
6,0.4,0.667,0.267
7,0.5,0.569,0.069
8,0.1,0.195,0.095
9,0.5,0.536,0.036
10,0.3,0.58,0.28
11,0.3,0.702,0.402
12,0.4,0.565,0.165
13,1.3,1.368,0.068
14,0.6,0.764,0.164
15,1.3,0.571,-0.729
16,0.4,0.623,0.223
17,0.3,0.516,0.216
18,0.1,0.159,0.059
19,0.5,0.761,0.261
20,1.3,1.19,-0.11
21,0.3,0.624,0.324
22,0.8,1.151,0.351
23,1.5,1.383,-0.117
24,0.3,0.485,0.185
25,1.5,1.355,-0.145
26,0.9,0.564,-0.336
27,0.3,0.493,0.193
28,0,0.023,0.023
29,0.4,0.646,0.246
30,0.6,0.718,0.118
31,0.6,0.606,0.006
32,0.5,0.676,0.176
33,0.9,1.186,0.286
34,0.2,0.199,-0.001
35,0.2,0.196,-0.004
36,0.3,0.607,0.307
37,0.2,0.483,0.283
38,0.2,0.509,0.309
39,0.3,0.549,0.249
40,0.4,0.582,0.182
41,1.3,0.926,-0.374
42,1.4,1.616,0.216
43,0,0.158,0.158
44,2.1,1.606,-0.494
45,1.3,1.408,0.108
46,1.7,1.178,-0.522
47,0.4,0.575,0.175
48,1.5,1.625,0.125
49,0.5,0.534,0.034
50,0.2,0.594,0.394
51,0.8,0.841,0.041
52,1.2,1.329,0.129
53,1.1,1.067,-0.033
54,0.3,0.419,0.119
55,0.4,0.493,0.093
56,0.8,1.149,0.349
57,1.8,1.506,-0.294
58,0.3,0.361,0.061
59,0.5,0.701,0.201
60,2.2,1.558,-0.642
61,0.3,0.547,0.247
62,0.5,0.491,-0.009
63,0.7,0.987,0.287
64,0.4,0.569,0.169
65,0.4,0.526,0.126
66,0.5,0.81,0.31
67,1.2,1.317,0.117
68,1.1,0.662,-0.438
69,0.9,0.746,-0.154
70,1,1.268,0.268
71,0.5,0.64,0.14
72,0.3,0.496,0.196
73,0.7,0.94,0.24
74,0.5,0.58,0.08
75,3,1.614,-1.386
76,1.3,1.482,0.182
77,0.5,0.593,0.093
78,0.6,0.795,0.195
79,1.5,1.567,0.067
80,0.4,0.613,0.213
81,1.7,1.604,-0.096
82,0.3,0.507,0.207
83,0.5,0.56,0.06
84,1.6,1.179,-0.421
85,0.5,0.463,-0.037
86,0.6,0.578,-0.022
87,0.1,0.665,0.565
88,0.8,1.117,0.317
89,0.5,0.648,0.148
90,0,0.337,0.337
91,1.1,1.284,0.184
92,0.4,0.653,0.253
93,0.6,0.787,0.187
94,0.5,0.754,0.254
95,0.5,0.599,0.099
96,2.1,1.574,-0.526
97,0.6,0.483,-0.117
98,0.3,0.48,0.18
99,0.2,0.511,0.311
100,0.1,0.334,0.234
101,0.5,0.586,0.086
102,0.5,0.667,0.167
103,0.4,0.622,0.222
104,0.7,1.129,0.429
105,0.4,0.69,0.29
106,0.9,1.143,0.243
107,0,0.05,0.05
108,1.4,1.58,0.18
109,1.1,0.793,-0.307
110,0.4,0.594,0.194
111,0.9,1.328,0.428
112,1.1,0.76,-0.34
113,0.2,0.421,0.221
114,0.4,0.587,0.187
115,1,1.268,0.268
116,0.5,0.5,0
117,0.3,0.562,0.262
118,1.1,1.12,0.02
119,0.4,0.591,0.191
120,0.4,0.593,0.193
121,0.2,0.46,0.26
122,0.6,1.25,0.65
123,0.7,0.742,0.042
124,0.3,0.504,0.204
125,0.1,0.18,0.08
126,0.5,1.163,0.663
127,0.7,0.815,0.115
128,0.2,0.593,0.393
129,0.2,0.543,0.343
130,1,1.148,0.148
131,1.6,1.446,-0.154
132,0.3,0.607,0.307
133,1.4,1.626,0.226
134,0.7,1.104,0.404
135,0.5,0.555,0.055
136,0.7,0.894,0.194
137,0.3,0.458,0.158
138,0.6,0.712,0.112
139,1.2,1.494,0.294
140,0.6,0.715,0.115
141,0.4,0.657,0.257
142,0.7,0.766,0.066
143,0.1,1.158,1.058
144,0.2,0.522,0.322
145,0.2,0.525,0.325
146,0.2,0.491,0.291
147,0.2,0.575,0.375
148,0.6,1.007,0.407
149,0.6,0.799,0.199
150,0.2,0.131,-0.069
151,0.3,0.605,0.305
152,1.3,1.268,-0.032
153,0.5,0.757,0.257
154,0.1,0.146,0.046
155,0.3,0.618,0.318
156,0.6,0.547,-0.053
157,0.8,1.369,0.569
158,0.3,0.187,-0.113
159,1.3,1.39,0.09
160,1,1.238,0.238
161,0.5,0.57,0.07
162,0.5,0.696,0.196
163,0.7,0.812,0.112
164,0.5,0.584,0.084
165,0.3,0.54,0.24
166,0.2,0.455,0.255
167,0.9,1.163,0.263
168,0.4,0.499,0.099
169,1,1.066,0.066
170,0.7,0.811,0.111
171,0.5,0.539,0.039
172,0.1,0.184,0.084
173,1.4,1.499,0.099
174,0.6,1.13,0.53
175,0.4,0.58,0.18
176,0.8,0.575,-0.225
177,0.7,0.806,0.106
178,0.7,0.646,-0.054
179,0.5,0.645,0.145
180,0.5,0.814,0.314
181,0.6,0.817,0.217
182,0.8,1.245,0.445
183,0.4,0.592,0.192
184,1.8,1.621,-0.179
185,0.3,0.481,0.181
186,1.4,1.222,-0.178
187,0.2,0.531,0.331
188,0.7,0.697,-0.003
189,0.5,0.625,0.125
190,1.3,1.087,-0.213
191,0.9,1.084,0.184
192,0.3,0.481,0.181
193,1.4,1.191,-0.209
194,1.3,1.216,-0.084
195,0.6,0.646,0.046
196,1.5,1.305,-0.195
197,0.6,0.674,0.074
198,0.5,0.62,0.12
199,0.2,0.451,0.251
200,1.2,1.107,-0.093
201,0.5,0.54,0.04
202,0.9,1.122,0.222
203,0.3,0.515,0.215
204,0.4,0.54,0.14
205,0.6,0.232,-0.368
206,0.8,1.172,0.372
207,0.5,0.505,0.005
208,1.2,1.269,0.069
209,0.7,1.178,0.478
210,0.3,0.458,0.158
211,0.5,0.64,0.14
212,1.2,1.172,-0.028
213,0.9,0.618,-0.282
214,0.5,0.54,0.04
215,0.9,0.506,-0.394
216,0,0.158,0.158
217,0.4,0.492,0.092
218,0.9,1.013,0.113
219,1.5,1.37,-0.13
220,0.3,0.569,0.269
221,0.5,0.646,0.146
222,0.8,0.348,-0.452
223,1.2,0.815,-0.385
224,1,1.349,0.349
225,1.3,1.248,-0.052
226,0.5,0.742,0.242
227,0.5,0.468,-0.032
228,1,0.593,-0.407
229,0.4,0.675,0.275
230,0.4,0.665,0.265
231,0.3,0.444,0.144
232,0.3,0.493,0.193
233,0.3,0.666,0.366
234,0.3,0.466,0.166
235,0.4,0.548,0.148
236,1.3,1.391,0.091
237,0.7,0.768,0.068
238,1.2,1.143,-0.057
239,0.5,0.74,0.24
240,0.3,0.596,0.296
241,0.4,0.581,0.181
242,0.9,1.145,0.245
243,0.7,0.524,-0.176
244,2.2,0.661,-1.539
245,0.7,0.695,-0.005
246,0.2,0.545,0.345
247,0.3,0.504,0.204
248,0.1,0.572,0.472
249,0.3,0.601,0.301
250,0.9,1.136,0.236
251,1,1.139,0.139
252,0.7,0.895,0.195
253,0.4,0.631,0.231
254,1.4,1.267,-0.133
255,1.8,1.611,-0.189
256,0.7,0.721,0.021
257,0.9,1.192,0.292
258,1,0.922,-0.078
259,0.5,0.634,0.134
260,1.2,1.203,0.003
261,0.4,0.646,0.246
262,1.4,1.156,-0.244
263,0.9,1.083,0.183
264,0.9,1.158,0.258
265,0.3,0.502,0.202
266,0.3,0.44,0.14
267,0.3,0.652,0.352
268,0.2,1.268,1.068
269,0.5,1.119,0.619
270,1,1.517,0.517
271,0.4,0.558,0.158
272,0.9,0.813,-0.087
273,0.8,1.18,0.38
274,0.6,0.642,0.042
275,0.8,1.119,0.319
276,0.2,0.56,0.36
277,1,1.342,0.342
278,2.3,1.591,-0.709
279,1,1.353,0.353
280,1.5,1.198,-0.302
281,0.7,0.849,0.149
282,1,0.866,-0.134
283,0.4,0.513,0.113
284,0.9,1.087,0.187
285,0.7,0.816,0.116
286,1,1.322,0.322
287,0.6,0.73,0.13
288,0.2,0.39,0.19
289,0.2,0.515,0.315
290,0.5,0.591,0.091
291,0.3,0.573,0.273
292,0.4,0.661,0.261
293,0.7,0.711,0.011
294,0.2,0.153,-0.047
295,0.6,0.735,0.135
296,0.3,0.556,0.256
297,1.5,1.174,-0.326
298,0.3,0.417,0.117
299,0.2,0.502,0.302
300,1.9,1.236,-0.664
301,0.3,0.513,0.213
302,2.1,1.609,-0.491
303,0.4,0.584,0.184
304,0.2,0.394,0.194
305,0.1,0.513,0.413
306,0.7,0.789,0.089
307,1.2,1.471,0.271
308,0.9,0.622,-0.278
309,1.9,0.608,-1.292
310,0.7,0.67,-0.03
311,1,1.193,0.193
312,0.4,0.539,0.139
313,0.4,0.608,0.208
314,0.4,0.566,0.166
315,0.8,1.037,0.237
316,0.7,0.796,0.096
317,0.6,0.657,0.057
318,1.4,1.357,-0.043
319,0.1,0.184,0.084
320,0.4,0.551,0.151
321,0.7,0.622,-0.078
322,0.9,0.6,-0.3
323,0.8,0.992,0.192
324,0.3,0.5,0.2
325,0.2,0.547,0.347
326,0.5,0.466,-0.034
327,0.6,0.616,0.016
328,0.8,1.172,0.372
329,0.6,0.623,0.023
330,0.3,0.537,0.237
331,0.9,1.209,0.309
332,0.8,1.037,0.237
333,0.3,0.448,0.148
334,0.6,0.637,0.037
335,1.1,1.112,0.012
336,0.3,0.533,0.233
337,1.1,0.737,-0.363
338,0.5,0.796,0.296
339,0.3,0.567,0.267
340,0.6,1.194,0.594
341,1.4,1.558,0.158
342,1.2,0.992,-0.208
343,0.2,0.568,0.368
344,1.6,1.488,-0.112
345,0.2,0.44,0.24
346,0.1,0.21,0.11
347,2.2,1.561,-0.639
348,0.6,0.821,0.221
349,0.7,0.486,-0.214
350,0.4,0.582,0.182
351,0.5,0.629,0.129
352,0.2,0.47,0.27
353,0.1,0.183,0.083
354,0.4,0.75,0.35
355,0.5,0.998,0.498
356,0.3,0.524,0.224
357,1.2,1.285,0.085
358,0.7,0.784,0.084
359,0.6,0.696,0.096
360,0.6,0.57,-0.03
361,1.5,1.593,0.093
362,0.3,0.601,0.301
363,1.1,1.087,-0.013
364,1.3,1.149,-0.151
365,0.9,1.008,0.108
366,1.5,1.514,0.014
367,1.3,0.886,-0.414
368,1.1,1.075,-0.025
369,0.4,0.626,0.226
370,0.8,0.836,0.036
371,0.9,1.161,0.261
372,0.6,0.631,0.031
373,0.2,0.373,0.173
374,1.1,0.763,-0.337
375,0.2,0.163,-0.037
376,0.3,0.643,0.343
377,1.1,0.961,-0.139
378,0.8,0.876,0.076
379,1.1,1.173,0.073
380,0.5,0.58,0.08
381,0.4,0.632,0.232
382,1,1.455,0.455
383,0.6,0.752,0.152
384,1.1,0.817,-0.283
385,0.3,0.524,0.224
386,0.6,0.899,0.299
387,0.6,0.536,-0.064
388,0.6,0.819,0.219
389,0.5,0.644,0.144
390,1.2,1.454,0.254
391,0.6,0.821,0.221
392,0.5,0.547,0.047
393,0,0.2,0.2
394,1.3,1.628,0.328
395,0.1,0.193,0.093
396,0.6,0.685,0.085
397,0.3,0.458,0.158
398,0.2,0.442,0.242
399,0.7,1.235,0.535
400,1.1,1.189,0.089
401,0.1,0.19,0.09
402,0.3,0.566,0.266
403,0,0.38,0.38
404,0.3,0.537,0.237
405,0.4,0.694,0.294
406,0.1,0.173,0.073
407,0.7,0.866,0.166
408,0.4,0.597,0.197
409,0.4,0.573,0.173
410,1.1,1.175,0.075
411,1.2,1.473,0.273
412,0.4,0.519,0.119
413,0.5,0.852,0.352
414,1.6,1.34,-0.26
415,0,0.67,0.67
416,0.8,1.14,0.34
417,0.1,0.192,0.092
418,0.4,0.72,0.32
419,0.4,0.686,0.286
420,0.2,0.503,0.303
421,0,0.095,0.095
422,0.4,0.549,0.149
423,0.6,0.579,-0.021
424,0.3,0.473,0.173
425,0.6,0.54,-0.06
426,1.1,1.317,0.217
427,0.1,0.406,0.306
428,0.1,0.123,0.023
429,0.5,0.633,0.133
430,0.2,0.204,0.004
431,0.3,0.614,0.314
432,0.6,1.124,0.524
433,0.4,0.484,0.084
434,0.5,0.471,-0.029
435,1.5,1.47,-0.03
436,0.5,0.533,0.033
437,0.6,0.709,0.109
438,0.5,0.776,0.276
439,0.6,1.029,0.429
440,1.2,1.287,0.087
441,1.5,1.628,0.128
442,1.3,1.002,-0.298
443,1,1.032,0.032
444,0.2,0.386,0.186
445,0.2,0.47,0.27
446,0.4,0.629,0.229
447,0.8,0.839,0.039
448,0.4,0.564,0.164
449,0.7,0.822,0.122
450,0.6,0.714,0.114
451,0.6,1.075,0.475
452,0.2,0.392,0.192
453,0.1,0.188,0.088
454,0.3,0.495,0.195
455,0.2,0.559,0.359
456,1,1.072,0.072
457,2.1,1.614,-0.486
458,0.5,0.698,0.198
459,0.7,0.949,0.249
460,1,1.25,0.25
461,0.3,0.491,0.191
462,0.5,0.645,0.145
463,0.5,0.757,0.257
464,1.1,1.162,0.062
465,0.5,0.576,0.076
466,0.9,1.081,0.181
467,0.5,0.642,0.142
468,0.9,1.144,0.244
469,0.1,0.184,0.084
470,0.4,0.59,0.19
471,0.2,0.503,0.303
472,0.4,0.67,0.27
473,1.2,0.963,-0.237
474,0.3,0.48,0.18
475,1,1.311,0.311
476,0.5,0.652,0.152
477,0.3,0.372,0.072
478,0.6,0.758,0.158
479,1.7,1.483,-0.217
480,1.1,0.707,-0.393
481,0.4,0.433,0.033
482,0.5,0.631,0.131
483,1.3,1.131,-0.169
484,0.6,0.731,0.131
485,1,1.385,0.385
486,0,0.177,0.177
487,0.5,0.653,0.153
488,0.5,0.712,0.212
489,0.4,0.386,-0.014
490,1.4,1.431,0.031
491,0.8,1.109,0.309
492,0.7,0.814,0.114
493,0.2,0.575,0.375
494,0.6,0.658,0.058
495,1.4,1.192,-0.208
496,0.3,0.596,0.296
497,0.4,0.479,0.079
498,1.1,1.151,0.051
499,2.1,1.595,-0.505
500,0,0.115,0.115
501,0.8,1.055,0.255
502,0.4,0.491,0.091
503,0.3,0.552,0.252
504,1.1,0.605,-0.495
505,0.5,0.597,0.097
506,0.4,0.469,0.069
507,0.5,0.382,-0.118
508,0,0.166,0.166
509,1.2,0.825,-0.375
510,0.7,0.901,0.201
511,1.3,1.119,-0.181
512,1.1,1.249,0.149
513,0.4,0.734,0.334
514,1.9,1.623,-0.277
515,0.4,0.373,-0.027
516,1,0.848,-0.152
517,1.2,1.37,0.17
518,0.5,0.695,0.195
519,0.5,0.443,-0.057
520,1.2,1.24,0.04
521,0.6,0.562,-0.038
522,0.5,0.763,0.263
523,0.9,0.676,-0.224
524,2,1.478,-0.522
525,0.4,0.535,0.135
526,0.3,0.51,0.21
527,0.4,0.647,0.247
528,0.9,1.182,0.282
529,0.7,0.609,-0.091
530,1.4,1.24,-0.16
531,0.7,0.647,-0.053
532,0,0.109,0.109
533,0.2,0.449,0.249
534,0.2,0.456,0.256
535,0,0.203,0.203
536,0.5,0.577,0.077
537,0.6,0.478,-0.122
538,0.5,0.657,0.157
539,0.3,0.577,0.277
540,0.6,0.696,0.096
541,0.7,0.799,0.099
542,0.5,0.63,0.13
543,0.4,0.547,0.147
544,0.6,0.798,0.198
545,0.4,0.591,0.191
546,0,0.019,0.019
547,0.6,0.741,0.141
548,0.7,0.665,-0.035
549,0.9,1.184,0.284
550,0.6,0.782,0.182
551,0.4,0.643,0.243
552,0.3,0.381,0.081
553,1.8,1.523,-0.277
554,0.9,0.757,-0.143
555,0.8,1.026,0.226
556,0.9,1.284,0.384
557,0.2,0.473,0.273
558,1.2,1.079,-0.121
559,0.4,0.635,0.235
560,0.8,1.166,0.366
561,1,1.111,0.111
562,0.9,0.783,-0.117
563,1.2,1.575,0.375
564,1.1,1.155,0.055
565,0.6,0.694,0.094
566,1.3,1.054,-0.246
567,0.5,0.725,0.225
568,1.2,1.164,-0.036
569,1.4,1.327,-0.073
570,1.4,1.45,0.05
571,1,1.001,0.001
572,0.7,0.674,-0.026
573,0.5,0.626,0.126
574,0.2,0.563,0.363
575,0.5,0.614,0.114
576,0.3,0.456,0.156
577,0.3,0.523,0.223
578,1.5,0.998,-0.502
579,0.1,0.192,0.092
580,0.6,0.631,0.031
581,1.4,1.508,0.108
582,1.2,1.09,-0.11
583,0.1,0.182,0.082
584,0.8,0.901,0.101
585,0.4,0.464,0.064
586,0.3,0.482,0.182
587,0.3,0.486,0.186
588,0.9,1.306,0.406
589,1.1,0.963,-0.137
590,1.3,1.104,-0.196
591,0.5,0.722,0.222
592,0.4,0.479,0.079
593,1.5,1.49,-0.01
594,0.2,0.467,0.267
595,0,0.417,0.417
596,0.8,1.06,0.26
597,0.8,1.078,0.278
598,0.6,0.65,0.05
599,0.5,0.675,0.175
600,1.3,0.802,-0.498
601,1,1.296,0.296
602,0.9,1.264,0.364
603,2,1.595,-0.405
604,0.4,0.522,0.122
605,1.9,1.479,-0.421
606,1.4,1.106,-0.294
607,0.4,0.539,0.139
608,0.8,1.31,0.51
609,0.4,0.548,0.148
610,1.4,1.263,-0.137
611,0.7,0.488,-0.212
612,0.5,0.648,0.148
613,1.2,1.214,0.014
614,0.7,0.646,-0.054
615,0.5,0.739,0.239
616,0.9,1.18,0.28
617,0.9,1.054,0.154
618,0.3,0.469,0.169
619,0.3,0.493,0.193
620,0.5,0.573,0.073
621,1.2,1.48,0.28
622,1.2,1.224,0.024
623,0.6,0.692,0.092
624,1.1,1.123,0.023
625,0.4,0.539,0.139
626,0.8,0.806,0.006
627,0.6,0.751,0.151
628,0.4,0.628,0.228
629,1.2,1.035,-0.165
630,0.4,0.523,0.123
631,0.3,0.477,0.177
632,1.6,1.551,-0.049
633,1.4,1.137,-0.263
634,0.7,1,0.3
635,1.2,0.598,-0.602
636,0.3,0.394,0.094
637,0.4,0.587,0.187
638,0.6,0.751,0.151
639,0.7,0.683,-0.017
640,0.3,0.511,0.211
641,0.3,0.417,0.117
642,0.4,0.602,0.202
643,0.2,0.738,0.538
644,0.1,0.201,0.101
645,0.6,0.564,-0.036
646,0.8,0.463,-0.337
647,0.1,0.1,0
648,0.7,1.048,0.348
649,0.4,0.576,0.176
650,0.6,0.658,0.058
651,0.5,0.795,0.295
652,0.6,1.036,0.436
653,0.4,0.56,0.16
654,0.6,0.632,0.032
655,0.5,0.541,0.041
656,0.5,0.713,0.213
657,0.6,0.631,0.031
658,0.6,1.164,0.564
659,0.6,0.727,0.127
660,0.3,0.612,0.312
661,2,1.608,-0.392
662,0.4,0.672,0.272
663,0.8,1.108,0.308
664,0.5,0.57,0.07
665,1.4,1.273,-0.127
666,0.3,0.355,0.055
667,1.3,1.22,-0.08
668,0.6,0.737,0.137
669,0.8,0.455,-0.345
670,0.5,0.63,0.13
671,0.6,0.825,0.225
672,0.5,0.708,0.208
673,0.8,1.356,0.556
674,1.5,1.36,-0.14
675,0.3,0.412,0.112
676,0.2,0.516,0.316
677,0.8,0.824,0.024
678,1,1.078,0.078
679,0.9,1.229,0.329
680,0.6,0.73,0.13
681,1,1.016,0.016
682,0.8,1.003,0.203
683,0.3,0.512,0.212
684,0.7,1.416,0.716
685,1.4,1.091,-0.309
686,0.9,1.384,0.484
687,0.3,0.656,0.356
688,1,0.696,-0.304
689,1.1,1.029,-0.071
690,0.2,0.428,0.228
691,0.5,1.114,0.614
692,0.6,0.732,0.132
693,0.3,0.522,0.222
694,1.1,1.137,0.037
695,0.5,0.554,0.054
696,0.2,0.487,0.287
697,0.3,0.523,0.223
698,1.9,1.56,-0.34
699,1.2,1.597,0.397
700,0,0.119,0.119
701,0.6,1.106,0.506
702,0.2,0.538,0.338
703,0.3,0.461,0.161
704,0.5,0.591,0.091
705,1,1.106,0.106
706,0.8,0.938,0.138
707,0.4,0.57,0.17
708,0.2,0.515,0.315
709,1,1.458,0.458
710,0.4,0.625,0.225
711,0.8,1.03,0.23
712,0.9,0.718,-0.182
713,0.7,0.669,-0.031
714,0.1,0.182,0.082
715,0.3,0.57,0.27
716,0.5,0.619,0.119
717,0.3,0.415,0.115
718,0.3,0.533,0.233
719,0.1,0.136,0.036
720,0.3,0.526,0.226
721,0.5,0.818,0.318
722,1.1,1.158,0.058
723,1.4,1.178,-0.222
724,0.3,0.51,0.21
725,0.9,0.696,-0.204
726,0.1,0.406,0.306
727,1.2,1.246,0.046
728,0.2,0.507,0.307
729,0.7,0.717,0.017
730,1.3,1.361,0.061
731,0.5,0.453,-0.047
732,0.6,0.596,-0.004
733,0.5,0.795,0.295
734,0.5,0.527,0.027
735,0.4,0.89,0.49
736,1.6,1.614,0.014
737,0.7,0.991,0.291
738,0.4,0.546,0.146
739,1.2,1.39,0.19
740,0.3,0.539,0.239
741,0.6,0.812,0.212
742,1.8,1.473,-0.327
743,1.2,1.541,0.341
744,0.9,0.735,-0.165
745,0.1,0.205,0.105
746,0.3,0.501,0.201
747,1.4,1.298,-0.102
748,1,1.174,0.174
749,0.5,0.694,0.194
750,0.3,0.285,-0.015
751,0.3,0.622,0.322
752,0.6,0.676,0.076
753,1.1,1.355,0.255
754,0.6,0.828,0.228
755,0.3,0.47,0.17
756,0.9,1.292,0.392
757,0.5,0.652,0.152
758,1.1,1.302,0.202
759,1.1,1.266,0.166
760,1,0.923,-0.077
761,0.5,0.76,0.26
762,0.3,0.562,0.262
763,0.4,0.714,0.314
764,0.4,0.475,0.075
765,0.3,0.46,0.16
766,0.2,0.475,0.275
767,0.4,0.57,0.17
768,1.1,1.101,0.001
769,0.3,0.616,0.316
770,0.3,0.606,0.306
771,0.3,0.514,0.214
772,0.5,0.676,0.176
773,0.7,0.664,-0.036
774,1.4,1.231,-0.169
775,0.9,1.425,0.525
776,1.6,0.298,-1.302
777,0.6,0.863,0.263
778,0.4,0.541,0.141
779,1.3,1.434,0.134
780,0.2,0.44,0.24
781,0.1,0.202,0.102
782,0.5,1.127,0.627
783,0.3,0.564,0.264
784,1.3,1.229,-0.071
785,0,0.666,0.666
786,1.4,1.186,-0.214
787,0.3,0.496,0.196
788,0.6,0.735,0.135
789,0.6,1.122,0.522
790,1.2,0.89,-0.31
791,0.4,0.47,0.07
792,1.6,1.37,-0.23
793,0.2,0.457,0.257
794,0.9,1.333,0.433
795,0.4,0.636,0.236
796,0.4,0.595,0.195
797,1.5,1.1,-0.4
798,0.4,0.629,0.229
799,0.5,0.631,0.131
800,1.2,1.121,-0.079
801,1.2,1.154,-0.046
802,0.1,0.209,0.109
803,0.1,0.854,0.754
804,0.6,1.129,0.529
805,0.4,0.727,0.327
806,0.4,0.588,0.188
807,1.1,1.119,0.019
808,0.3,0.485,0.185
809,0.3,0.52,0.22
810,0.6,0.807,0.207
811,0.3,0.526,0.226
812,0.1,0.207,0.107
813,1,1.395,0.395
814,1.4,1.26,-0.14
815,0.5,0.716,0.216
816,1.2,0.977,-0.223
817,0.8,1.256,0.456
818,0.5,0.578,0.078
819,0.2,0.469,0.269
820,0.7,1.163,0.463
821,1.2,1.134,-0.066
822,1.8,1.623,-0.177
823,0.2,0.508,0.308
824,0.4,0.507,0.107
825,0,0.183,0.183
826,0.9,0.808,-0.092
827,0.6,0.592,-0.008
828,1.1,1.466,0.366
829,0.9,0.652,-0.248
830,0.3,0.497,0.197
831,0.4,0.536,0.136
832,0.4,0.403,0.003
833,0.9,0.981,0.081
834,0.7,0.797,0.097
835,1.2,1.37,0.17
836,0.4,0.598,0.198
837,1.2,0.46,-0.74
838,0.3,0.457,0.157
839,0.6,0.533,-0.067
840,1,1.43,0.43
841,0.7,0.724,0.024
842,1,1.169,0.169
843,0.3,0.416,0.116
844,1.5,1.103,-0.397
845,1,0.716,-0.284
846,0.2,0.454,0.254
847,0.2,0.145,-0.055
848,0.6,0.755,0.155
849,0.4,0.731,0.331
850,0.5,0.639,0.139
851,0.5,0.534,0.034
852,1,0.928,-0.072
853,0.9,1.042,0.142
854,0.3,0.447,0.147
855,0.4,0.613,0.213
856,1.9,1.507,-0.393
857,0.6,1.06,0.46
858,1.1,0.758,-0.342
859,0.3,0.49,0.19
860,0.5,0.588,0.088
861,0.7,0.423,-0.277
862,1.2,1.384,0.184
863,0.6,0.571,-0.029
864,0.5,0.629,0.129
865,0.6,0.831,0.231
866,1.7,1.053,-0.647
867,1.2,1.095,-0.105
868,1,1.103,0.103
869,0.1,0.122,0.022
870,0.5,0.476,-0.024
871,1.6,1.347,-0.253
872,0.3,0.493,0.193
873,0.9,0.882,-0.018
874,0.1,0.203,0.103
875,0.7,0.738,0.038
876,0.8,0.584,-0.216
877,0.5,0.551,0.051
878,0.5,0.721,0.221
879,2.7,1.598,-1.102
880,0.2,0.465,0.265
881,0.2,0.524,0.324
882,0.2,0.549,0.349
883,0.3,0.544,0.244
884,0.2,0.56,0.36
885,1.1,1.244,0.144
886,0.8,0.99,0.19
887,0.8,1.152,0.352
888,0.8,0.722,-0.078
889,1,1.174,0.174
890,0.4,0.593,0.193
891,0.4,0.564,0.164
892,1.4,1.321,-0.079
893,1.4,1.454,0.054
894,0.5,0.534,0.034
895,1.6,1.426,-0.174
896,0.8,1.077,0.277
897,0.3,0.429,0.129
898,0.9,1.184,0.284
899,1.1,1.183,0.083
900,1.2,1.369,0.169
901,0.6,0.641,0.041
902,0.3,0.17,-0.13
903,1.4,1.34,-0.06
904,0.2,0.538,0.338
905,0.4,0.559,0.159
906,0.1,0.208,0.108
907,0.6,1.221,0.621
908,0.7,0.535,-0.165
909,0.7,0.524,-0.176
910,1,1.162,0.162
911,0.4,0.483,0.083
912,0.3,0.614,0.314
913,0.3,0.409,0.109
914,0.2,0.521,0.321
915,0.4,0.716,0.316
916,0,0.129,0.129
917,0.5,0.577,0.077
918,0.1,0.354,0.254
919,1.2,0.858,-0.342
920,0.6,0.599,-0.001
921,0.5,0.671,0.171
922,0.3,0.481,0.181
923,0.6,1.118,0.518
924,0.8,0.657,-0.143
925,0,0.077,0.077
926,2.1,1.592,-0.508
927,0.3,0.624,0.324
928,2,1.322,-0.678
929,0.4,0.542,0.142
930,0.4,0.415,0.015
931,0.7,0.508,-0.192
932,0.4,0.725,0.325
933,0.3,0.513,0.213
934,0.4,0.432,0.032
935,0.9,1.13,0.23
936,0.5,0.606,0.106
937,0.6,0.592,-0.008
938,1.2,1.175,-0.025
939,0.3,0.457,0.157
940,0.8,0.631,-0.169
941,0.2,0.502,0.302
942,0.8,1.176,0.376
943,1.8,1.501,-0.299
944,0.8,1.197,0.397
945,0.4,0.518,0.118
946,1.3,1.113,-0.187
947,0.1,1.157,1.057
948,0,0.196,0.196
949,0.5,0.779,0.279
950,1.2,1.017,-0.183
1,1.2,1.103,-0.097
2,0.5,0.865,0.365
3,0.2,1.258,1.058
4,0.5,0.868,0.368
5,0.1,-0.062,-0.162
6,1.6,1.335,-0.265
7,1.4,1.075,-0.325
8,1.1,1.088,-0.012
9,0.5,0.554,0.054
10,1.9,1.073,-0.827
11,0.7,0.523,-0.177
12,0.3,0.329,0.029
13,0.3,0.533,0.233
14,0.5,0.431,-0.069
15,1.5,1.357,-0.143
16,1,0.782,-0.218
17,0.5,0.691,0.191
18,0.4,0.641,0.241
19,0.5,0.583,0.083
20,1.1,0.922,-0.178
21,0.6,0.684,0.084
22,0.6,0.538,-0.062
23,1.1,1.051,-0.049
24,0.3,0.539,0.239
25,0.4,0.611,0.211
26,0.3,0.097,-0.203
27,1,1.07,0.07
28,0.2,0.092,-0.108
29,0.6,0.92,0.32
30,1.9,1.496,-0.404
31,0.3,0.428,0.128
32,0.8,0.586,-0.214
33,1.4,1.193,-0.207
34,0.3,0.537,0.237
35,0.5,0.356,-0.144
36,1.6,1.318,-0.282
37,0.2,0.088,-0.112
38,1.5,1.408,-0.092
39,1.6,1.487,-0.113
40,0.4,0.339,-0.061
41,0.5,0.585,0.085
42,0.3,0.467,0.167
43,1.3,1.296,-0.004
44,0.4,0.482,0.082
45,0.6,0.36,-0.24
46,0.6,0.635,0.035
47,0.3,0.236,-0.064
48,0.4,0.498,0.098
49,0.4,0.372,-0.028
50,0.6,0.508,-0.092
51,0,0.055,0.055
52,1.4,1.139,-0.261
53,0.3,0.477,0.177
54,0.9,0.942,0.042
55,0.1,0.015,-0.085
56,0.5,0.376,-0.124
57,0.6,0.48,-0.12
58,0.5,0.566,0.066
59,0.9,0.981,0.081
60,0.1,0.278,0.178
61,0.3,0.194,-0.106
62,0.4,0.354,-0.046
63,1.4,1.026,-0.374
64,1.2,1.172,-0.028
65,0.1,-0.023,-0.123
66,0,0.399,0.399
67,0.3,0.239,-0.061
68,1.1,1.133,0.033
69,1.7,1.457,-0.243
70,1.2,1.354,0.154
71,0.2,0.299,0.099
72,0.3,0.586,0.286
73,0.3,0.221,-0.079
74,1.2,1.125,-0.075
75,0.4,0.582,0.182
76,0.3,0.553,0.253
77,1.7,1.363,-0.337
78,0.5,0.781,0.281
79,1.3,1.071,-0.229
80,0.1,0.062,-0.038
81,0.8,1.172,0.372
82,0.2,0.286,0.086
83,0.8,0.915,0.115
84,1.1,1.032,-0.068
85,0.3,0.379,0.079
86,0.2,0.208,0.008
87,1,0.966,-0.034
88,0.4,0.463,0.063
89,0.3,0.53,0.23
90,2.2,1.057,-1.143
91,1.1,0.863,-0.237
92,0.3,0.332,0.032
93,0.3,0.498,0.198
94,0.2,0.194,-0.006
95,1.2,1.426,0.226
96,1.1,1.049,-0.051
97,0.7,0.701,0.001
98,1.4,1.127,-0.273
99,0.7,0.665,-0.035
100,0.1,0.051,-0.049
101,0.5,0.454,-0.046
102,0.4,0.41,0.01
103,0.6,0.629,0.029
104,0.4,0.498,0.098
105,0.4,0.681,0.281
106,0.1,0.075,-0.025
107,0.5,0.538,0.038
108,0.9,1.057,0.157
109,0.4,0.577,0.177
110,0.2,0.397,0.197
111,0.2,0.49,0.29
112,0.9,1.083,0.183
113,0,0.005,0.005
114,1.6,1.22,-0.38
115,0.5,0.566,0.066
116,0.6,0.672,0.072
117,0.7,1.055,0.355
118,0.3,0.583,0.283
119,0.3,0.348,0.048
120,1.4,1.1,-0.3
121,0.9,1.019,0.119
122,0.5,0.338,-0.162
123,0.5,0.507,0.007
124,0.9,1.211,0.311
125,0.4,0.479,0.079
126,0.7,0.541,-0.159
127,0.7,1.043,0.343
128,0.2,0.556,0.356
129,1.5,1.273,-0.227
130,0.1,0.094,-0.006
131,0.6,0.61,0.01
132,1,0.883,-0.117
133,0.3,0.391,0.091
134,0.7,0.679,-0.021
135,0.6,0.5,-0.1
136,0,-0.004,-0.004
137,0,0.047,0.047
138,0.8,0.941,0.141
139,0.2,0.413,0.213
140,0.6,0.694,0.094
141,0.7,0.445,-0.255
142,1.6,1.478,-0.122
143,0.5,0.469,-0.031
144,1,0.965,-0.035
145,1,1.06,0.06
146,0.8,0.953,0.153
147,0.2,0.334,0.134
148,0.6,0.606,0.006
149,0.4,0.376,-0.024
150,0.9,0.627,-0.273
151,0.6,0.477,-0.123
152,1.4,1.025,-0.375
153,0,0.019,0.019
154,0.1,0.044,-0.056
155,1.7,1.315,-0.385
156,1.3,1.066,-0.234
157,0.3,0.473,0.173
158,1.5,0.697,-0.803
159,0.3,0.331,0.031
160,0.5,0.607,0.107
161,0.2,0.241,0.041
162,0.5,0.539,0.039
163,0.4,0.517,0.117
164,0.4,0.519,0.119
165,0.8,0.603,-0.197
166,0.1,0.248,0.148
167,0.5,0.454,-0.046
168,0.7,0.471,-0.229
169,0.3,0.32,0.02
170,2.5,1.488,-1.012
171,0.5,0.44,-0.06
172,0.1,0.023,-0.077
173,0.7,0.713,0.013
174,0.6,0.488,-0.112
175,0.1,0.004,-0.096
176,0.3,0.776,0.476
177,1.1,0.844,-0.256
178,0.1,0.085,-0.015
179,0.3,0.233,-0.067
180,0.6,0.684,0.084
181,1.5,1.072,-0.428
182,0.6,0.693,0.093
183,0.3,0.316,0.016
184,0,0.096,0.096
185,0.4,0.386,-0.014
186,0.1,-0.072,-0.172
187,1.1,0.714,-0.386
188,1.7,1.453,-0.247
189,0.1,0.045,-0.055
190,0.2,0.402,0.202
191,0.6,0.678,0.078
192,0.3,0.264,-0.036
193,0.3,0.617,0.317
194,0.5,0.451,-0.049
195,0.8,0.666,-0.134
196,0.4,0.245,-0.155
197,1.7,1.267,-0.433
198,1,1.004,0.004
199,1.3,0.965,-0.335
200,0.4,0.653,0.253
201,0.5,0.588,0.088
202,0.7,1.355,0.655
203,0.1,0.05,-0.05
204,0.1,0.089,-0.011
205,0.6,0.707,0.107
206,0.3,0.462,0.162
207,1.2,1.296,0.096
208,1.4,1.276,-0.124
209,0.2,0.39,0.19
210,0.6,0.529,-0.071
211,0.3,0.436,0.136
212,0.5,0.302,-0.198
213,0.6,0.637,0.037
214,0.4,0.494,0.094
215,1,1.245,0.245
216,0.4,0.451,0.051
217,0.8,1.002,0.202
218,0.8,0.535,-0.265
219,1.6,1.502,-0.098
220,1.6,1.273,-0.327
221,0.9,1.119,0.219
222,1.2,0.999,-0.201
223,0.4,0.38,-0.02
224,0.6,0.676,0.076
225,0.6,0.674,0.074
226,1.7,1.462,-0.238
227,0.7,1.141,0.441
228,1.2,1.061,-0.139
229,0.2,0.367,0.167
230,0.7,1.154,0.454
231,1.1,0.661,-0.439
232,0.3,0.297,-0.003
233,0.7,0.947,0.247
234,0.3,0.456,0.156
235,2,0.677,-1.323
236,2,1.504,-0.496
237,1.1,1.057,-0.043
238,0.7,0.999,0.299
239,0.5,0.529,0.029
240,0.2,0.427,0.227
241,0.4,0.566,0.166
242,1,0.637,-0.363
243,1.3,1.065,-0.235
244,0.8,1.118,0.318
245,0.7,0.938,0.238
246,0.8,0.745,-0.055
247,0.2,0.234,0.034
248,0.9,0.901,0.001
249,0.4,0.27,-0.13
250,0.6,0.844,0.244
251,0.3,0.237,-0.063
252,0.3,0.262,-0.038
253,0.3,0.31,0.01
254,0.3,0.679,0.379
255,0.4,0.605,0.205
256,0.4,0.601,0.201
257,0.6,0.888,0.288
258,0.6,0.571,-0.029
259,0.4,0.122,-0.278
260,0.4,0.396,-0.004
261,0,0.004,0.004
262,0.6,0.641,0.041
263,1.4,1.133,-0.267
264,0.8,0.807,0.007
265,1.3,1.438,0.138
266,0.3,0.4,0.1
267,1.1,1.052,-0.048
268,0.4,0.357,-0.043
269,1.3,1.337,0.037
270,0.9,1.043,0.143
271,0.5,0.787,0.287
272,0.2,0.191,-0.009
273,0.5,0.545,0.045
274,0.8,0.882,0.082
275,0.9,0.735,-0.165
276,1.1,1.071,-0.029
277,0,0.67,0.67
278,0.7,0.499,-0.201
279,1,1.07,0.07
280,0.3,0.335,0.035
281,1,0.776,-0.224
282,0.5,0.393,-0.107
283,1.1,1.065,-0.035
284,4.5,0.283,-4.217
285,0.4,0.378,-0.022
286,0.8,0.871,0.071
287,1,1.188,0.188
288,2,1.496,-0.504
289,1.3,1.101,-0.199
290,1.1,1.138,0.038
291,1,1.08,0.08
292,0.5,0.512,0.012
293,0.8,1.116,0.316
294,0.4,0.548,0.148
295,0,-0.035,-0.035
296,0.5,0.464,-0.036
297,0.4,0.545,0.145
298,0.3,0.285,-0.015
299,0.1,0.122,0.022
300,1.1,1.16,0.06
301,0.1,0.024,-0.076
302,0.4,0.506,0.106
303,0.5,0.512,0.012
304,1.1,1.071,-0.029
305,0.3,0.337,0.037
306,0.5,0.623,0.123
307,0.4,0.426,0.026
308,0,0.058,0.058
309,0.3,0.437,0.137
310,0.5,0.585,0.085
311,0.5,1.069,0.569
312,1.5,1.143,-0.357
313,0,-0.035,-0.035
314,0.3,0.516,0.216
315,0.2,0.254,0.054
316,0.3,0.538,0.238
317,0.2,0.174,-0.026
318,0.4,0.437,0.037
319,2.1,1.484,-0.616
320,0.4,0.406,0.006
321,0.3,0.508,0.208
322,0.5,0.442,-0.058
323,1.1,1.082,-0.018
324,1.3,1.024,-0.276
325,0.8,0.426,-0.374
326,0.1,-0.003,-0.103
327,0.9,0.844,-0.056
328,0.9,0.952,0.052
329,0.8,1.038,0.238
330,1.4,1.041,-0.359
331,0.6,0.666,0.066
332,0.5,1.038,0.538
333,0.8,0.764,-0.036
334,0.4,0.426,0.026
335,0.4,0.466,0.066
336,0.5,0.484,-0.016
337,0.9,0.981,0.081
338,0.3,0.176,-0.124
339,0.6,0.375,-0.225
340,0.1,0.02,-0.08
341,0.5,0.304,-0.196
342,0.3,0.511,0.211
343,1.2,1.361,0.161
344,0.3,0.428,0.128
345,0.3,0.416,0.116
346,2.1,1.491,-0.609
347,0.4,0.926,0.526
348,0.4,0.449,0.049
349,1.5,1.312,-0.188
350,0.8,0.446,-0.354
351,0.6,0.675,0.075
352,0,0.013,0.013
353,1.4,1.143,-0.257
354,1.1,1.083,-0.017
355,0.2,0.206,0.006
356,0.3,0.404,0.104
357,1.1,0.751,-0.349
358,0.4,0.542,0.142
359,0.7,0.708,0.008
360,0.6,0.65,0.05
361,0.3,0.634,0.334
362,1.5,1.15,-0.35
363,0.1,0.268,0.168
364,0.6,0.376,-0.224
365,0.4,0.353,-0.047
366,0.4,0.796,0.396
367,0.4,0.339,-0.061
368,1.2,0.777,-0.423
369,0.4,0.353,-0.047
370,1.1,0.991,-0.109
371,1.6,1.288,-0.312
372,1.4,1.482,0.082
373,0.3,0.609,0.309
374,0.6,0.682,0.082
375,0.4,0.471,0.071
376,0.3,0.391,0.091
377,0.5,0.462,-0.038
378,0.5,0.502,0.002
379,0.5,0.518,0.018
380,0.7,0.701,0.001
381,1.7,1.505,-0.195
382,0.4,0.596,0.196
383,0,0.04,0.04
384,1,1.033,0.033
385,0.6,1.184,0.584
386,0.7,0.648,-0.052
387,0.8,0.681,-0.119
388,0.1,0.038,-0.062
389,0.4,0.306,-0.094
390,0.1,-0.012,-0.112
391,0.4,0.35,-0.05
392,0.5,0.624,0.124
393,1,1.379,0.379
394,0.5,0.832,0.332
395,0.7,0.528,-0.172
396,1.2,1.132,-0.068
397,0.2,0.289,0.089
398,1.1,1.056,-0.044
399,1.5,0.502,-0.998
400,0.3,0.211,-0.089
401,1.3,1.284,-0.016
402,0.7,0.534,-0.166
403,0.3,0.59,0.29
404,0.4,0.5,0.1
405,0.7,0.509,-0.191
406,0.2,0.266,0.066
407,0.9,0.868,-0.032
408,0.2,0.216,0.016
409,1.9,1.494,-0.406
410,2.3,1.495,-0.805
411,1,0.939,-0.061
412,0.2,0.088,-0.112
413,1.3,0.208,-1.092
414,0.6,0.828,0.228
415,0.3,0.255,-0.045
416,0.6,0.466,-0.134
417,0.2,0.528,0.328
418,0.5,0.347,-0.153
419,1.4,1.156,-0.244
420,0,0.056,0.056
421,0.4,0.407,0.007
422,1.1,1.045,-0.055
423,0.5,0.588,0.088
424,1.1,1.067,-0.033
425,0.3,0.275,-0.025
426,0.6,0.389,-0.211
427,0.4,0.476,0.076
428,0,0.037,0.037
429,1,1.234,0.234
430,0.3,0.535,0.235
431,0.2,0.084,-0.116
432,0.5,0.501,0.001
433,0.6,0.623,0.023
434,0.7,0.856,0.156
435,0.7,0.824,0.124
436,0.4,0.385,-0.015
437,0.3,0.596,0.296
438,0.6,0.634,0.034
439,1.6,1.108,-0.492
440,0.2,0.425,0.225
441,1.3,1.13,-0.17
442,0.6,0.533,-0.067
443,0.6,0.671,0.071
444,0.9,0.988,0.088
445,0.1,0.029,-0.071
446,0.5,0.473,-0.027
447,0.3,0.328,0.028
448,0.4,0.454,0.054
449,0.7,0.8,0.1
450,0.4,0.538,0.138
451,0.1,-0.007,-0.107
452,1.5,1.236,-0.264
453,0.9,0.818,-0.082
454,0.5,0.529,0.029
455,0.5,0.557,0.057
456,0.8,1.271,0.471
457,0.4,0.486,0.086
458,0.3,0.498,0.198
459,0.7,0.446,-0.254
460,2,1.473,-0.527
461,1,1.091,0.091
462,0.4,0.364,-0.036
463,0.1,-0.038,-0.138
464,0.3,0.426,0.126
465,1,1.023,0.023
466,0.5,0.557,0.057
467,0.8,0.894,0.094
468,0.4,0.454,0.054
469,0.4,0.554,0.154
470,0.3,0.231,-0.069
471,0.7,1.059,0.359
472,0.4,0.387,-0.013
473,0.8,0.894,0.094
474,0.3,0.494,0.194
475,1.3,0.81,-0.49
476,0.4,0.483,0.083
477,0.4,0.477,0.077
478,0.3,0.429,0.129
479,0.6,0.638,0.038
480,0.3,0.002,-0.298
481,1.2,1.179,-0.021
482,0.7,0.577,-0.123
483,2.3,1.315,-0.985
484,0.9,1.079,0.179
485,0.6,0.607,0.007
486,0.6,0.484,-0.116
487,1.4,1.371,-0.029
488,1,1.06,0.06
489,0.3,0.6,0.3
490,0.8,0.791,-0.009
491,0.3,0.168,-0.132
492,0.1,-0.098,-0.198
493,1.1,1.04,-0.06
494,0.8,0.574,-0.226
495,1,0.975,-0.025
496,1.1,1.11,0.01
497,0.6,0.35,-0.25
498,0.2,0.02,-0.18
499,0.5,1.031,0.531
500,0.6,0.49,-0.11
501,0.4,0.362,-0.038
502,0.8,0.606,-0.194
503,1.2,1.072,-0.128
504,0.7,1.088,0.388
505,0.5,0.525,0.025
506,0.5,0.682,0.182
507,0.6,0.618,0.018
508,0.3,0.387,0.087
509,0.5,0.659,0.159
510,0.3,1.315,1.015
511,0.1,0.015,-0.085
512,1.1,1.092,-0.008
513,0.2,0.333,0.133
514,1,1.033,0.033
515,0.5,-0.125,-0.625
516,0.8,1.073,0.273
517,0.3,0.317,0.017
518,0,0.023,0.023
519,1,0.889,-0.111
520,0.5,0.585,0.085
521,0.2,0.332,0.132
522,0.4,0.28,-0.12
523,0.5,0.369,-0.131
524,0.4,0.396,-0.004
525,1.2,1.068,-0.132
526,1.3,1.096,-0.204
527,1.4,1.147,-0.253
528,1.6,1.437,-0.163
529,0.4,0.62,0.22
530,0.8,0.926,0.126
531,0.5,0.7,0.2
532,0.5,0.431,-0.069
533,1.1,0.974,-0.126
534,0.3,0.498,0.198
535,0.8,0.795,-0.005
536,0.6,0.552,-0.048
537,0.6,0.684,0.084
538,0.6,0.533,-0.067
539,0.3,0.403,0.103
540,0.5,0.395,-0.105
541,0.7,0.699,-0.001
542,0.7,0.361,-0.339
543,0.6,0.644,0.044
544,0,-0.013,-0.013
545,0.5,0.627,0.127
546,0.5,0.364,-0.136
547,0.3,0.335,0.035
548,0.4,0.327,-0.073
549,0.8,0.647,-0.153
550,0,0.677,0.677
551,0.3,0.337,0.037
552,1.4,1.143,-0.257
553,0.3,0.306,0.006
554,0.5,0.576,0.076
555,0.4,0.666,0.266
556,0.6,0.435,-0.165
557,1.4,1.014,-0.386
558,0.4,0.462,0.062
559,0.9,1.061,0.161
560,0.5,0.686,0.186
561,0.8,1.095,0.295
562,1.3,1.032,-0.268
563,0.8,0.644,-0.156
564,0.4,0.453,0.053
565,0.2,0.245,0.045
566,0.3,0.335,0.035
567,0.7,0.92,0.22
568,1.2,1.045,-0.155
569,0.1,-0.051,-0.151
570,0.3,0.598,0.298
571,0.5,0.539,0.039
572,0.2,0.236,0.036
573,0,-0.04,-0.04
574,0.7,0.887,0.187
575,2,0.321,-1.679
576,0.9,0.939,0.039
577,0.9,0.578,-0.322
578,1.1,0.785,-0.315
579,1.5,1.493,-0.007
580,0.8,1.047,0.247
581,1.6,1.171,-0.429
582,0.3,0.277,-0.023
583,1.4,0.53,-0.87
584,0.9,0.865,-0.035
585,0.9,1.003,0.103
586,0.6,0.678,0.078
587,1.1,0.904,-0.196
588,0.1,0.215,0.115
589,0.7,0.717,0.017
590,1.5,1.045,-0.455
591,0.7,0.373,-0.327
592,0.2,0.201,0.001
593,1.3,0.907,-0.393
594,0.3,0.443,0.143
595,0.4,0.452,0.052
596,0.6,0.339,-0.261
597,0,0.003,0.003
598,1.5,1.011,-0.489
599,0.5,0.689,0.189
600,0.3,0.226,-0.074
601,0,0.076,0.076
602,0.4,0.458,0.058
603,0.5,0.471,-0.029
604,1.9,1.432,-0.468
605,0.3,0.263,-0.037
606,0.4,0.403,0.003
607,0.8,0.894,0.094
608,0.6,0.686,0.086
609,0.2,0.114,-0.086
610,0.6,0.708,0.108
611,2.3,1.498,-0.802
612,1.4,1.399,-0.001
613,1,0.838,-0.162
614,0.5,0.566,0.066
615,0.3,0.378,0.078
616,0.5,0.474,-0.026
617,1,1.057,0.057
618,1.8,1.488,-0.312
619,1.1,1.022,-0.078
620,0,-0.019,-0.019
621,0.1,0.02,-0.08
622,0.2,0.233,0.033
623,0.2,0.471,0.271
624,1.2,1.054,-0.146
625,0.3,0.541,0.241
626,0.4,0.416,0.016
627,0.3,0.539,0.239
628,0.3,0.474,0.174
629,0.8,0.927,0.127
630,1.8,1.487,-0.313
631,1.1,1.025,-0.075
632,0.5,0.599,0.099
633,1.1,1.138,0.038
634,0.3,1.018,0.718
635,0.4,0.333,-0.067
636,0.5,1.119,0.619
637,1,0.741,-0.259
638,0.9,1.06,0.16
639,1.7,1.248,-0.452
640,0,-0.031,-0.031
641,1.3,0.981,-0.319
642,0.4,0.282,-0.118
643,0.1,-0.01,-0.11
644,1.2,1.168,-0.032
645,0.3,0.531,0.231
646,1,0.989,-0.011
647,0.3,0.23,-0.07
648,0.4,0.153,-0.247
649,0.4,0.514,0.114
650,1.6,1.355,-0.245
651,4.1,0.176,-3.924
652,1.1,1.157,0.057
653,0.2,0.269,0.069
654,0.4,0.392,-0.008
655,0.6,0.534,-0.066
656,0.2,0.275,0.075
657,0.9,0.939,0.039
658,0.6,0.659,0.059
659,0.5,0.691,0.191
660,0.3,0.33,0.03
661,0.4,0.541,0.141
662,0.4,0.319,-0.081
663,0.6,0.692,0.092
664,0.8,0.934,0.134
665,0.7,0.441,-0.259
666,0.4,0.528,0.128
667,0.4,0.389,-0.011
668,0.4,0.417,0.017
669,0.7,1.087,0.387
670,0.4,0.315,-0.085
671,1.4,1.069,-0.331
672,1.4,1.457,0.057
673,1.2,1.02,-0.18
674,0.9,0.633,-0.267
675,0.5,0.365,-0.135
676,0.7,0.745,0.045
677,0.3,0.286,-0.014
678,0.9,0.908,0.008
679,0.7,0.6,-0.1
680,0.7,0.423,-0.277
681,0.6,0.426,-0.174
682,0.3,0.261,-0.039
683,0.6,0.52,-0.08
684,0.4,0.439,0.039
685,0.6,0.473,-0.127
686,0.5,0.475,-0.025
687,0.9,0.99,0.09
688,1.8,1.334,-0.466
689,0.1,0.212,0.112
690,1.9,1.16,-0.74
691,0.6,0.477,-0.123
692,0,0.01,0.01
693,0.7,0.689,-0.011
694,0.4,0.425,0.025
695,0.3,0.288,-0.012
696,1.4,1.165,-0.235
697,0.2,0.34,0.14
698,0.1,0.077,-0.023
699,1.8,1.501,-0.299
700,1.1,1.037,-0.063
701,2,1.492,-0.508
702,0.6,0.538,-0.062
703,0.5,0.619,0.119
704,1.4,1.115,-0.285
705,1.1,1.103,0.003
706,1.7,1.503,-0.197
707,0.6,0.492,-0.108
708,0.4,0.703,0.303
709,0.4,0.572,0.172
710,0.9,1.026,0.126
711,0.2,0.492,0.292
712,0.3,0.239,-0.061
713,0.3,0.347,0.047
714,0.9,1.508,0.608
715,0.2,0.391,0.191
716,1.4,1.351,-0.049
717,0.8,0.637,-0.163
718,1.9,1.478,-0.422
719,0.5,0.355,-0.145
720,1.9,1.072,-0.828
721,2.1,1.403,-0.697
722,1.3,1.11,-0.19
723,0.4,0.216,-0.184
724,0.4,0.472,0.072
725,0.6,0.355,-0.245
726,0.9,0.818,-0.082
727,0.4,0.358,-0.042
728,1.5,0.783,-0.717
729,0.1,0.459,0.359
730,0.3,0.912,0.612
731,0.7,0.447,-0.253
732,0.3,0.296,-0.004
733,0.5,0.536,0.036
734,1.2,1.085,-0.115
735,0.3,0.324,0.024
736,0.6,0.386,-0.214
737,0.5,0.65,0.15
738,0.2,0.271,0.071
739,0.4,0.367,-0.033
740,0.4,0.681,0.281
741,0.6,0.69,0.09
742,1.2,1.326,0.126
743,0,1.163,1.163
744,0.4,0.535,0.135
745,0.3,0.304,0.004
746,1.3,1.164,-0.136
747,0.5,0.669,0.169
748,0.5,0.682,0.182
749,0.7,1.062,0.362
750,0,-0.01,-0.01
751,0.8,0.746,-0.054
752,0.3,0.398,0.098
753,0.5,0.645,0.145
754,0.9,0.763,-0.137
755,0.6,0.501,-0.099
756,0.3,0.423,0.123
757,1.6,0.546,-1.054
758,0.5,0.641,0.141
759,0.6,0.661,0.061
760,0.3,0.451,0.151
761,0.7,0.877,0.177
762,0.2,0.303,0.103
763,1.2,0.831,-0.369
764,0.5,0.638,0.138
765,0.4,0.521,0.121
766,0,0.348,0.348
767,0.6,0.498,-0.102
768,1.9,0.206,-1.694
769,0.3,0.489,0.189
770,1.2,1.071,-0.129
771,0.6,0.703,0.103
772,0,-0.013,-0.013
773,0.6,1.038,0.438
774,0.8,0.643,-0.157
775,0.3,0.506,0.206
776,0.4,0.392,-0.008
777,1.1,0.998,-0.102
778,0.7,0.439,-0.261
779,0.8,0.644,-0.156
780,0.7,0.933,0.233
781,0.1,0.052,-0.048
782,0.4,0.625,0.225
783,1.3,1.144,-0.156
784,0.7,0.611,-0.089
785,0.8,0.816,0.016
786,0.6,0.629,0.029
787,0.8,0.542,-0.258
788,0.4,0.442,0.042
789,1.1,1.145,0.045
790,0.5,0.52,0.02
791,1.4,1.33,-0.07
792,0.4,0.361,-0.039
793,0.6,0.653,0.053
794,0.6,0.702,0.102
795,0.9,0.818,-0.082
796,0.7,1.042,0.342
797,1.1,0.983,-0.117
798,0.6,0.672,0.072
799,0.6,0.983,0.383
800,0.3,0.524,0.224
801,0.7,1.013,0.313
802,0.6,0.574,-0.026
803,0.8,0.808,0.008
804,0.2,0.272,0.072
805,0.5,0.682,0.182
806,0.5,0.628,0.128
807,0.4,0.226,-0.174
808,0.1,0.258,0.158
809,0.2,0.311,0.111
810,0.1,-0.11,-0.21
811,0.6,0.695,0.095
812,1.4,1.072,-0.328
813,0.8,0.85,0.05
814,0.6,0.54,-0.06
815,0.3,0.362,0.062
816,0.5,0.596,0.096
817,0.6,0.541,-0.059
818,0.7,1.09,0.39
819,0.3,0.22,-0.08
820,0.6,0.773,0.173
821,0.6,0.564,-0.036
822,1,0.613,-0.387
823,0.3,0.588,0.288
824,0.6,0.58,-0.02
825,1.5,1.47,-0.03
826,0.7,0.885,0.185
827,1.2,1.082,-0.118
828,0.6,0.943,0.343
829,1.5,1.154,-0.346
830,0.6,0.475,-0.125
831,0,-0.032,-0.032
832,0.2,0.284,0.084
833,0.6,0.481,-0.119
834,0.4,0.522,0.122
835,0.6,0.458,-0.142
836,1.4,1.078,-0.322
837,1.1,0.379,-0.721
838,0.3,0.304,0.004
839,0.7,0.457,-0.243
840,2.2,1.36,-0.84
841,1.6,1.41,-0.19
842,0.5,0.703,0.203
843,1.8,1.361,-0.439
844,0.4,0.589,0.189
845,1.2,1.127,-0.073
846,0.7,0.868,0.168
847,0.1,0.254,0.154
848,0.1,0.014,-0.086
849,1.3,0.996,-0.304
850,0.6,0.663,0.063
851,0.5,0.5,0
852,0.3,0.549,0.249
853,0.5,0.49,-0.01
854,1,1.336,0.336
855,0.2,0.293,0.093
856,0.1,0.188,0.088
857,0.3,0.315,0.015
858,1,0.991,-0.009
859,1.2,1.066,-0.134
860,1.3,1.094,-0.206
861,1.4,1.145,-0.255
862,1.1,1.061,-0.039
863,1.3,1.07,-0.23
864,1.7,1.496,-0.204
865,0.8,1.231,0.431
866,0.9,0.639,-0.261
867,0.5,0.563,0.063
868,1.7,0.928,-0.772
869,0.4,0.544,0.144
870,0.9,0.669,-0.231
871,0.3,0.586,0.286
872,0.3,0.573,0.273
873,0,-0.021,-0.021
874,0.6,0.362,-0.238
875,0.2,0.38,0.18
876,1.4,0.99,-0.41
877,1.3,1.268,-0.032
878,1.6,1.349,-0.251
879,0.7,0.682,-0.018
880,0.7,0.957,0.257
881,0.7,1.059,0.359
882,0.7,0.669,-0.031
883,1.3,1.241,-0.059
884,0.3,0.446,0.146
885,0.4,0.437,0.037
886,0.5,0.612,0.112
887,0.5,0.32,-0.18
888,1.3,0.833,-0.467
889,0.3,0.47,0.17
890,0.5,0.314,-0.186
891,0.6,1.01,0.41
892,0.3,0.334,0.034
893,0.8,1.188,0.388
894,0.4,0.431,0.031
895,0.7,1.06,0.36
896,1.2,1.061,-0.139
897,2,0.689,-1.311
898,0.9,1.015,0.115
899,0.5,0.422,-0.078
900,0.3,0.598,0.298
901,1.2,1.294,0.094
902,0,0.014,0.014
903,0.6,0.172,-0.428
904,0.5,0.353,-0.147
905,1.4,0.961,-0.439
906,0.3,0.315,0.015
907,0.4,0.372,-0.028
908,1.3,1.005,-0.295
909,0.2,0.4,0.2
910,0,-0.063,-0.063
911,1.9,1.498,-0.402
912,0.4,0.598,0.198
913,0.6,1.018,0.418
914,0.9,1.341,0.441
915,0.4,0.422,0.022
916,0.5,0.458,-0.042
917,0.3,0.293,-0.007
918,0.6,0.829,0.229
919,1.4,1.226,-0.174
920,1.4,1.508,0.108
921,0.6,0.388,-0.212
922,0.9,0.994,0.094
923,0.7,0.708,0.008
924,0.6,0.687,0.087
925,0.9,0.468,-0.432
926,1.4,1.331,-0.069
927,0.5,0.609,0.109
928,0.2,0.253,0.053
929,0,0.011,0.011
930,0.6,0.691,0.091
931,1.3,1.234,-0.066
932,0.4,0.315,-0.085
933,1.3,1.046,-0.254
934,0.3,0.272,-0.028
935,0.5,0.681,0.181
936,0.4,0.384,-0.016
937,0.3,0.446,0.146
938,0.4,0.99,0.59
939,0.8,0.694,-0.106
940,0.4,0.418,0.018
941,0.5,0.554,0.054
942,0.8,0.904,0.104
943,0.6,0.612,0.012
944,0.5,0.542,0.042
945,0.1,-0.051,-0.151
946,0.4,0.483,0.083
947,0.5,0.327,-0.173
948,0.7,0.848,0.148
949,1.2,0.754,-0.446
950,1.2,0.737,-0.463
1,0.8,0.996,0.196
2,0.9,1.253,0.353
3,0.6,0.661,0.061
4,1.5,1.283,-0.217
5,0.3,0.517,0.217
6,0.5,0.614,0.114
7,0.5,0.613,0.113
8,0.1,0.526,0.426
9,0.2,0.454,0.254
10,1.3,1.299,-0.001
11,0.9,0.899,-0.001
12,0.2,0.396,0.196
13,1.2,1.375,0.175
14,0.4,0.467,0.067
15,0.5,0.586,0.086
16,0.4,0.717,0.317
17,0.4,0.951,0.551
18,0.6,0.556,-0.044
19,0.2,0.407,0.207
20,0.6,0.678,0.078
21,0.5,0.569,0.069
22,1.2,1.132,-0.068
23,0.6,0.565,-0.035
24,0.3,0.466,0.166
25,0.5,0.955,0.455
26,0.3,0.404,0.104
27,0.4,0.593,0.193
28,0.8,0.961,0.161
29,1.4,1.208,-0.192
30,1.1,1.237,0.137
31,0.4,0.567,0.167
32,0.4,0.427,0.027
33,2,1.642,-0.358
34,2,1.38,-0.62
35,0.5,0.66,0.16
36,0.7,0.655,-0.045
37,0.4,0.604,0.204
38,0.3,0.403,0.103
39,0.4,0.644,0.244
40,0.1,0.163,0.063
41,0.4,0.463,0.063
42,0.6,0.767,0.167
43,0.3,0.387,0.087
44,1,1.626,0.626
45,1.3,0.755,-0.545
46,0.8,1.111,0.311
47,0.8,1.129,0.329
48,1.3,0.681,-0.619
49,1.3,1.144,-0.156
50,0.4,0.581,0.181
51,0.9,0.736,-0.164
52,1.4,1.162,-0.238
53,0.5,0.449,-0.051
54,0.3,0.401,0.101
55,0.3,0.518,0.218
56,0.2,0.176,-0.024
57,0.7,0.751,0.051
58,1.2,1.415,0.215
59,0.5,0.643,0.143
60,0.4,0.493,0.093
61,0.6,0.608,0.008
62,0.5,0.786,0.286
63,0,0.145,0.145
64,1.2,0.81,-0.39
65,0.1,0.4,0.3
66,1.1,0.87,-0.23
67,0.1,0.154,0.054
68,0.4,0.37,-0.03
69,0.5,0.563,0.063
70,0.9,1.098,0.198
71,0.5,0.545,0.045
72,0.6,1.221,0.621
73,0.1,0.156,0.056
74,0.9,1.123,0.223
75,0.8,0.772,-0.028
76,0.3,0.526,0.226
77,0.3,0.164,-0.136
78,0.6,0.645,0.045
79,1.2,1.012,-0.188
80,1.1,1.226,0.126
81,0.9,1.453,0.553
82,0.5,0.703,0.203
83,0.3,0.417,0.117
84,0.6,0.488,-0.112
85,0.7,1.241,0.541
86,1.3,1.667,0.367
87,0.5,0.493,-0.007
88,0.7,0.767,0.067
89,0.2,0.391,0.191
90,0.6,1.025,0.425
91,0.5,0.535,0.035
92,0.8,1.21,0.41
93,0.8,0.5,-0.3
94,0.5,0.405,-0.095
95,0.2,0.49,0.29
96,0.6,0.523,-0.077
97,1,1.153,0.153
98,0.6,0.543,-0.057
99,1.1,1.229,0.129
100,0.3,1.122,0.822
101,0.3,0.42,0.12
102,0.6,0.545,-0.055
103,0.9,1.214,0.314
104,0.2,0.393,0.193
105,0.8,0.665,-0.135
106,0.8,0.484,-0.316
107,0.3,0.44,0.14
108,0.2,0.57,0.37
109,0.6,1.051,0.451
110,0.7,1.06,0.36
111,0.4,0.602,0.202
112,1.4,1.669,0.269
113,0.5,0.506,0.006
114,1,1.152,0.152
115,0.4,0.185,-0.215
116,0.4,0.403,0.003
117,0.6,0.889,0.289
118,0.7,0.658,-0.042
119,0.2,0.403,0.203
120,0.3,0.521,0.221
121,0.6,0.55,-0.05
122,0.5,0.6,0.1
123,0.2,0.4,0.2
124,0.2,0.157,-0.043
125,0.3,0.534,0.234
126,0.6,0.719,0.119
127,0,0.471,0.471
128,0.9,1.239,0.339
129,0.3,0.557,0.257
130,0.6,0.668,0.068
131,0.6,0.587,-0.013
132,0.3,0.376,0.076
133,1.3,1.14,-0.16
134,0.9,0.928,0.028
135,0.7,1.116,0.416
136,0.3,0.622,0.322
137,0.3,0.779,0.479
138,0.7,1.046,0.346
139,0.6,0.665,0.065
140,0.4,0.559,0.159
141,0.6,0.67,0.07
142,1,1.121,0.121
143,0.4,0.456,0.056
144,0.5,0.494,-0.006
145,0.7,0.706,0.006
146,0.6,1.164,0.564
147,0.4,0.507,0.107
148,0,0.732,0.732
149,1.2,1.358,0.158
150,1.5,0.985,-0.515
151,0.4,0.515,0.115
152,0.6,0.643,0.043
153,1.2,1.285,0.085
154,0.6,0.421,-0.179
155,0.6,0.423,-0.177
156,1.1,1.669,0.569
157,0.8,1.113,0.313
158,1.4,1.467,0.067
159,0.6,1.1,0.5
160,0.6,0.699,0.099
161,1.4,1.328,-0.072
162,0.1,0.406,0.306
163,0.7,0.728,0.028
164,0.2,0.479,0.279
165,0.5,0.342,-0.158
166,0.4,0.398,-0.002
167,0.5,0.904,0.404
168,0.4,0.435,0.035
169,0.2,0.266,0.066
170,0.6,0.715,0.115
171,0.3,0.468,0.168
172,0.4,0.708,0.308
173,0.2,0.465,0.265
174,0.6,0.995,0.395
175,0.4,1.215,0.815
176,0.6,0.483,-0.117
177,0.6,0.548,-0.052
178,0.4,0.285,-0.115
179,0.6,0.684,0.084
180,0.7,1.173,0.473
181,1.1,1.133,0.033
182,0.5,0.64,0.14
183,1.4,0.75,-0.65
184,1.4,1.305,-0.095
185,0.6,0.765,0.165
186,0.6,0.589,-0.011
187,0.2,0.278,0.078
188,0.7,0.632,-0.068
189,1.5,1.664,0.164
190,0.8,1.067,0.267
191,0.8,0.723,-0.077
192,0.5,0.68,0.18
193,0.9,1.181,0.281
194,0.8,0.769,-0.031
195,1.5,1.448,-0.052
196,0.4,0.879,0.479
197,0.3,0.383,0.083
198,0.4,1.147,0.747
199,0.5,0.665,0.165
200,1.2,1.084,-0.116
201,0.4,0.173,-0.227
202,0.4,0.455,0.055
203,0.8,1.122,0.322
204,0.8,1.336,0.536
205,0.1,0.432,0.332
206,0.6,0.643,0.043
207,0.3,0.503,0.203
208,0.9,0.687,-0.213
209,0.8,0.7,-0.1
210,0.3,0.396,0.096
211,0.9,0.875,-0.025
212,1.5,1.436,-0.064
213,0.4,0.554,0.154
214,0.5,0.514,0.014
215,0.3,0.334,0.034
216,0.7,0.897,0.197
217,0.6,0.486,-0.114
218,0.5,0.464,-0.036
219,0.1,0.389,0.289
220,0.7,0.944,0.244
221,1.4,1.155,-0.245
222,1.1,1.264,0.164
223,1.2,1.137,-0.063
224,0.7,0.621,-0.079
225,0.5,0.594,0.094
226,0.5,0.56,0.06
227,0.5,0.665,0.165
228,0.4,0.566,0.166
229,0.2,0.458,0.258
230,0.7,0.783,0.083
231,0.3,0.578,0.278
232,0.2,0.454,0.254
233,0.5,0.561,0.061
234,0.1,0.144,0.044
235,0.1,0.108,0.008
236,1.3,1.669,0.369
237,0.6,0.58,-0.02
238,0.5,0.632,0.132
239,1.6,1.517,-0.083
240,1.6,1.537,-0.063
241,0.8,1.174,0.374
242,1.3,1.099,-0.201
243,0.2,1.243,1.043
244,0.3,0.44,0.14
245,0.9,1.181,0.281
246,1.2,0.961,-0.239
247,0.9,0.297,-0.603
248,0.4,0.505,0.105
249,0.3,0.476,0.176
250,2.3,1.619,-0.681
251,0.6,0.763,0.163
252,0.3,0.483,0.183
253,1.2,1.176,-0.024
254,1.1,1.211,0.111
255,0.4,1.315,0.915
256,0.6,0.733,0.133
257,0.3,0.513,0.213
258,1.4,1.633,0.233
259,0,0.117,0.117
260,0.3,0.647,0.347
261,0.3,0.361,0.061
262,1.2,0.715,-0.485
263,0.1,0.383,0.283
264,0.2,0.555,0.355
265,0.3,0.46,0.16
266,0.7,0.714,0.014
267,0.4,0.52,0.12
268,4.1,1.09,-3.01
269,0.6,0.71,0.11
270,0.5,0.712,0.212
271,0.2,0.353,0.153
272,1.1,1.146,0.046
273,0.9,1.421,0.521
274,0.8,1.168,0.368
275,0.2,0.394,0.194
276,0.8,1.027,0.227
277,0.8,0.772,-0.028
278,1.5,1.154,-0.346
279,0.7,0.745,0.045
280,0.4,0.596,0.196
281,0.8,1.078,0.278
282,0.5,0.595,0.095
283,1.8,0.791,-1.009
284,0.2,0.452,0.252
285,1.2,1.493,0.293
286,0.4,0.476,0.076
287,1.4,1.165,-0.235
288,0.7,0.676,-0.024
289,0,0.759,0.759
290,0.5,0.694,0.194
291,0.4,0.647,0.247
292,1.1,1.205,0.105
293,0.9,1.089,0.189
294,0.7,0.742,0.042
295,0,0.129,0.129
296,1.3,0.451,-0.849
297,1,1.256,0.256
298,1.8,1.329,-0.471
299,0.7,1.101,0.401
300,1.9,1.641,-0.259
301,1.9,0.765,-1.135
302,0.4,0.79,0.39
303,1.4,1.636,0.236
304,0.6,0.694,0.094
305,0.7,0.923,0.223
306,0.5,0.515,0.015
307,1.4,1.14,-0.26
308,0.6,0.408,-0.192
309,1.7,1.425,-0.275
310,0.3,0.449,0.149
311,0.8,0.76,-0.04
312,0.1,0.075,-0.025
313,0.5,0.522,0.022
314,1.5,1.573,0.073
315,1.3,1.528,0.228
316,1.1,0.978,-0.122
317,0.5,0.522,0.022
318,0.3,0.502,0.202
319,0.3,0.419,0.119
320,0.4,0.515,0.115
321,0.3,0.494,0.194
322,0.4,0.68,0.28
323,1.2,1.436,0.236
324,0.3,0.546,0.246
325,0.4,0.439,0.039
326,0.5,0.578,0.078
327,1,1.076,0.076
328,0.7,0.669,-0.031
329,1.1,1.408,0.308
330,0.4,0.508,0.108
331,1,0.752,-0.248
332,0.4,0.539,0.139
333,1.3,1.156,-0.144
334,0.7,0.865,0.165
335,0.5,0.46,-0.04
336,0.6,1.198,0.598
337,0.4,0.496,0.096
338,1.5,1.574,0.074
339,0.4,0.394,-0.006
340,1.2,1.27,0.07
341,1.3,1.246,-0.054
342,0.3,0.498,0.198
343,1.1,1.573,0.473
344,0.3,0.306,0.006
345,0.6,0.689,0.089
346,0.5,0.647,0.147
347,2.1,1.641,-0.459
348,1.2,1.105,-0.095
349,0.1,0.395,0.295
350,1.5,1.164,-0.336
351,0.7,0.365,-0.335
352,0.4,0.644,0.244
353,0.4,0.57,0.17
354,0.4,0.489,0.089
355,1.2,1.159,-0.041
356,0.3,0.969,0.669
357,0.4,0.638,0.238
358,0.4,0.418,0.018
359,0.8,1.124,0.324
360,0.1,0.16,0.06
361,0.2,0.478,0.278
362,0.1,0.326,0.226
363,1.3,1.109,-0.191
364,0.7,0.702,0.002
365,0.9,0.608,-0.292
366,0.7,0.679,-0.021
367,0.7,0.517,-0.183
368,0.4,0.641,0.241
369,0.3,0.556,0.256
370,0.4,0.554,0.154
371,1.4,1.177,-0.223
372,0.9,1.124,0.224
373,0.3,0.446,0.146
374,0.3,0.351,0.051
375,0.5,0.566,0.066
376,0.5,0.492,-0.008
377,0,0.122,0.122
378,0.5,0.556,0.056
379,0.4,0.545,0.145
380,0.4,0.464,0.064
381,0.6,0.653,0.053
382,0.6,0.705,0.105
383,0.2,0.367,0.167
384,0.2,0.469,0.269
385,0.4,0.383,-0.017
386,0.7,0.633,-0.067
387,0.3,0.432,0.132
388,0.7,1.305,0.605
389,1,0.7,-0.3
390,0.4,0.586,0.186
391,0.4,0.786,0.386
392,1.5,1.172,-0.328
393,1.2,1.148,-0.052
394,1.3,1.201,-0.099
395,0.5,0.497,-0.003
396,0.2,0.383,0.183
397,1.4,1.318,-0.082
398,0.3,0.526,0.226
399,0.3,0.459,0.159
400,0.3,0.535,0.235
401,0.7,1.135,0.435
402,0.3,0.554,0.254
403,0.7,0.918,0.218
404,0.4,0.548,0.148
405,0.6,1.047,0.447
406,0.9,1.087,0.187
407,0.2,0.526,0.326
408,0.6,0.6,0
409,0.5,0.505,0.005
410,0.6,0.684,0.084
411,0.2,0.288,0.088
412,0.2,0.434,0.234
413,0.6,0.932,0.332
414,0.5,0.651,0.151
415,2,1.631,-0.369
416,0.6,0.633,0.033
417,0.2,0.324,0.124
418,0.6,0.753,0.153
419,0.3,0.563,0.263
420,0.5,0.641,0.141
421,1.2,1.083,-0.117
422,1,0.985,-0.015
423,0.4,0.619,0.219
424,0.8,0.619,-0.181
425,1.1,0.904,-0.196
426,0.6,0.783,0.183
427,0.7,0.78,0.08
428,0.3,0.548,0.248
429,1.2,1.282,0.082
430,1.5,1.038,-0.462
431,0.4,0.501,0.101
432,0.5,0.602,0.102
433,0.7,0.685,-0.015
434,0.4,0.599,0.199
435,1.3,0.78,-0.52
436,0.4,0.546,0.146
437,0.3,0.372,0.072
438,0.6,0.484,-0.116
439,0.6,1.145,0.545
440,0.5,0.582,0.082
441,0.5,0.507,0.007
442,0.7,0.894,0.194
443,0.2,0.329,0.129
444,0.4,0.526,0.126
445,0.3,0.482,0.182
446,1.2,0.913,-0.287
447,0.3,0.516,0.216
448,1.5,1.247,-0.253
449,1.4,1.648,0.248
450,0.5,0.433,-0.067
451,0.8,0.976,0.176
452,0.4,0.477,0.077
453,0.3,0.507,0.207
454,0.4,0.643,0.243
455,0.8,0.925,0.125
456,0.3,0.456,0.156
457,0.2,0.377,0.177
458,0.4,0.56,0.16
459,1.3,1.381,0.081
460,0.4,0.503,0.103
461,0.2,0.409,0.209
462,0.1,0.161,0.061
463,0.3,0.633,0.333
464,0,0.355,0.355
465,0,0.09,0.09
466,0.4,0.312,-0.088
467,1,1.185,0.185
468,0.1,0.373,0.273
469,0.7,0.662,-0.038
470,0.9,1.149,0.249
471,1.2,1.348,0.148
472,0.4,0.496,0.096
473,0.5,0.617,0.117
474,0.5,0.66,0.16
475,0.4,0.405,0.005
476,0.3,0.522,0.222
477,0.6,0.715,0.115
478,0.6,0.64,0.04
479,0.6,0.569,-0.031
480,0.6,1.164,0.564
481,1.9,1.652,-0.248
482,0.7,0.732,0.032
483,0.2,0.547,0.347
484,0.9,0.859,-0.041
485,0.4,0.657,0.257
486,1.6,1.436,-0.164
487,1.5,1.468,-0.032
488,0.9,1.077,0.177
489,0.2,0.434,0.234
490,1.3,1.354,0.054
491,0.4,0.567,0.167
492,0.4,0.569,0.169
493,0.3,0.408,0.108
494,0.2,0.483,0.283
495,0.5,0.56,0.06
496,0.4,0.535,0.135
497,1.3,1.17,-0.13
498,0.7,0.671,-0.029
499,0.6,0.736,0.136
500,0.8,1.196,0.396
501,0.9,1.08,0.18
502,0.5,0.604,0.104
503,1.3,1.239,-0.061
504,0.6,0.523,-0.077
505,0.3,0.599,0.299
506,0.4,0.512,0.112
507,0.6,0.554,-0.046
508,0.1,0.369,0.269
509,0.6,0.659,0.059
510,1,1.478,0.478
511,0.7,0.655,-0.045
512,0.4,0.541,0.141
513,2,0.671,-1.329
514,0.3,0.373,0.073
515,0.3,0.386,0.086
516,1,1.149,0.149
517,0.5,0.621,0.121
518,0.3,0.519,0.219
519,0.2,1.596,1.396
520,0.5,0.413,-0.087
521,0.6,0.646,0.046
522,0.3,0.583,0.283
523,1.7,0.726,-0.974
524,0.3,0.525,0.225
525,0.1,0.162,0.062
526,0.3,0.446,0.146
527,1.2,1.398,0.198
528,0.5,0.637,0.137
529,2.9,1.651,-1.249
530,1.1,1.185,0.085
531,0.9,1.197,0.297
532,1.9,1.669,-0.231
533,0.7,1.092,0.392
534,1,1.058,0.058
535,1.1,1.405,0.305
536,0.6,0.588,-0.012
537,0.6,0.561,-0.039
538,0.5,0.389,-0.111
539,1.4,1.153,-0.247
540,1,0.97,-0.03
541,0.5,0.62,0.12
542,0.3,0.4,0.1
543,1.2,1.631,0.431
544,0.7,0.775,0.075
545,0.6,0.72,0.12
546,0.2,0.42,0.22
547,0.9,1.038,0.138
548,0.1,0.404,0.304
549,0,0.146,0.146
550,0.5,0.513,0.013
551,0.3,0.583,0.283
552,0.3,0.299,-0.001
553,0.8,1.095,0.295
554,0.6,0.678,0.078
555,0.6,1.021,0.421
556,0.3,0.399,0.099
557,0.9,1.12,0.22
558,1,1.132,0.132
559,0.9,1.268,0.368
560,0.3,0.465,0.165
561,0.5,0.632,0.132
562,0.4,0.49,0.09
563,0.5,0.599,0.099
564,1.9,0.451,-1.449
565,0.4,0.613,0.213
566,1.5,1.18,-0.32
567,0.4,0.246,-0.154
568,0.3,0.577,0.277
569,0.6,0.69,0.09
570,0,0.122,0.122
571,1,1.282,0.282
572,0.4,0.493,0.093
573,0.8,1.057,0.257
574,0.3,0.565,0.265
575,0.5,0.598,0.098
576,2.8,1.392,-1.408
577,0,0.359,0.359
578,0.1,0.401,0.301
579,1.5,1.256,-0.244
580,0.3,0.476,0.176
581,2.1,1.4,-0.7
582,0.6,1.034,0.434
583,0.5,0.632,0.132
584,0.4,0.581,0.181
585,1.1,0.964,-0.136
586,0.5,0.476,-0.024
587,0.6,0.651,0.051
588,0.5,0.53,0.03
589,0.6,0.664,0.064
590,0.7,0.65,-0.05
591,1.3,1.137,-0.163
592,1,1.222,0.222
593,0.4,0.521,0.121
594,1.1,1.168,0.068
595,0,0.127,0.127
596,0.6,0.485,-0.115
597,0.8,0.577,-0.223
598,0.9,0.94,0.04
599,1.4,1.14,-0.26
600,1.2,1.18,-0.02
601,1.3,1.146,-0.154
602,0.7,0.84,0.14
603,0.6,1.06,0.46
604,0.3,0.458,0.158
605,0.1,0.17,0.07
606,0.8,0.334,-0.466
607,0.7,0.895,0.195
608,1.1,1.126,0.026
609,0.8,0.746,-0.054
610,0.9,1.272,0.372
611,1,1.409,0.409
612,0.6,0.647,0.047
613,0.3,0.503,0.203
614,0.5,0.682,0.182
615,0.6,0.68,0.08
616,1.6,1.475,-0.125
617,0.3,0.42,0.12
618,2,1.089,-0.911
619,0.4,0.414,0.014
620,1.5,1.201,-0.299
621,1.5,1.157,-0.343
622,1.5,1.236,-0.264
623,0.6,0.903,0.303
624,0.5,0.744,0.244
625,0.5,0.602,0.102
626,0.1,0.12,0.02
627,0.6,0.483,-0.117
628,0.4,0.416,0.016
629,0.6,0.72,0.12
630,0,0.151,0.151
631,1.5,1.162,-0.338
632,0.5,1.163,0.663
633,1.1,1.256,0.156
634,1.9,1.588,-0.312
635,0.7,0.761,0.061
636,0.9,1.033,0.133
637,0.3,0.572,0.272
638,0.4,0.557,0.157
639,0.7,1.1,0.4
640,0.5,0.542,0.042
641,0.7,0.721,0.021
642,0.4,0.717,0.317
643,1.4,1.234,-0.166
644,1,0.746,-0.254
645,1.2,1.544,0.344
646,1.2,1.111,-0.089
647,1,0.616,-0.384
648,0.5,0.507,0.007
649,0.6,0.603,0.003
650,0.2,0.453,0.253
651,0.8,1.271,0.471
652,1.2,1.213,0.013
653,0,0.159,0.159
654,0.3,0.414,0.114
655,0.6,0.609,0.009
656,0.7,1.005,0.305
657,0.5,0.643,0.143
658,0.5,0.439,-0.061
659,1,1.133,0.133
660,1,1.564,0.564
661,0.4,0.534,0.134
662,0.7,0.824,0.124
663,1.2,1.124,-0.076
664,0.3,0.536,0.236
665,0.5,0.648,0.148
666,0.6,0.66,0.06
667,0.7,0.692,-0.008
668,1,0.737,-0.263
669,0.6,0.492,-0.108
670,0.7,1.211,0.511
671,0.3,0.446,0.146
672,0.6,0.991,0.391
673,0.7,0.711,0.011
674,0.8,1.083,0.283
675,0.4,0.347,-0.053
676,0.1,0.116,0.016
677,0.3,0.438,0.138
678,0.2,0.411,0.211
679,1.2,1.129,-0.071
680,0.8,0.711,-0.089
681,0.9,1.043,0.143
682,0,0.111,0.111
683,0.3,0.574,0.274
684,0.4,0.568,0.168
685,0.7,0.76,0.06
686,0.3,0.432,0.132
687,1.3,0.481,-0.819
688,0.4,0.559,0.159
689,1.1,1.129,0.029
690,0.8,0.669,-0.131
691,0.6,0.665,0.065
692,1.9,1.404,-0.496
693,0.1,0.285,0.185
694,1.9,0.745,-1.155
695,0.4,0.487,0.087
696,0.6,0.6,0
697,0.4,0.429,0.029
698,1.4,1.252,-0.148
699,0,0.154,0.154
700,0.4,0.542,0.142
701,0.3,0.476,0.176
702,0.3,0.549,0.249
703,0.2,0.389,0.189
704,0.9,0.853,-0.047
705,0.9,1.358,0.458
706,0.5,0.498,-0.002
707,0.6,0.662,0.062
708,1.2,1.336,0.136
709,1,1.481,0.481
710,1,0.955,-0.045
711,0.4,0.334,-0.066
712,0.7,1.076,0.376
713,0.3,0.476,0.176
714,0.5,0.627,0.127
715,0.5,0.592,0.092
716,1.3,1.151,-0.149
717,0.4,0.512,0.112
718,1.9,0.441,-1.459
719,0.3,0.525,0.225
720,1.4,1.251,-0.149
721,0.2,0.403,0.203
722,0,0.666,0.666
723,0.7,0.763,0.063
724,0.8,0.767,-0.033
725,0.5,0.394,-0.106
726,0.5,1.11,0.61
727,0.8,1.064,0.264
728,1,1.099,0.099
729,0.3,0.435,0.135
730,1.3,1.244,-0.056
731,1.4,1.407,0.007
732,1,0.56,-0.44
733,0.7,0.758,0.058
734,0.1,0.438,0.338
735,0.5,0.959,0.459
736,0.3,0.633,0.333
737,0.5,0.621,0.121
738,0.7,0.769,0.069
739,0.6,0.597,-0.003
740,1.2,1.263,0.063
741,1.2,0.946,-0.254
742,1,1.251,0.251
743,0.5,0.541,0.041
744,0.5,0.564,0.064
745,1.5,1.499,-0.001
746,0.8,1.437,0.637
747,0.4,0.289,-0.111
748,0.8,1.495,0.695
749,0.5,0.469,-0.031
750,0.4,0.572,0.172
751,2.3,1.644,-0.656
752,0.3,0.485,0.185
753,0.3,0.501,0.201
754,0.4,0.651,0.251
755,1.3,1.35,0.05
756,0.2,0.476,0.276
757,0.6,0.696,0.096
758,1.5,1.512,0.012
759,1,1.133,0.133
760,0.6,0.521,-0.079
761,0.5,0.603,0.103
762,1.1,1.634,0.534
763,0.4,0.34,-0.06
764,0.3,0.517,0.217
765,1.3,1.181,-0.119
766,1.1,1.127,0.027
767,0.8,1.309,0.509
768,1.2,1.061,-0.139
769,0.7,1.092,0.392
770,1,0.958,-0.042
771,1,0.953,-0.047
772,0.6,0.473,-0.127
773,0.9,0.988,0.088
774,1.3,1.308,0.008
775,0.4,0.573,0.173
776,1.4,1.144,-0.256
777,1.6,1.131,-0.469
778,1.1,1.093,-0.007
779,0.3,0.434,0.134
780,0.8,1.063,0.263
781,0.4,0.374,-0.026
782,0.7,0.556,-0.144
783,0.7,1.228,0.528
784,0.5,0.61,0.11
785,0.5,0.616,0.116
786,0,1.668,1.668
787,0.5,0.498,-0.002
788,0.3,0.316,0.016
789,0.1,0.427,0.327
790,1,1.346,0.346
791,1.4,1.16,-0.24
792,0.3,0.478,0.178
793,0.7,0.528,-0.172
794,0.4,0.564,0.164
795,0.7,0.747,0.047
796,1.1,1.184,0.084
797,1.3,1.166,-0.134
798,0.8,0.874,0.074
799,0.1,0.456,0.356
800,0.1,0.431,0.331
801,0.3,0.413,0.113
802,1.3,1.648,0.348
803,0.6,0.397,-0.203
804,0.4,0.564,0.164
805,0.9,1.069,0.169
806,0.8,0.769,-0.031
807,1,0.943,-0.057
808,0.4,0.363,-0.037
809,0.4,0.516,0.116
810,0.3,0.477,0.177
811,0.3,0.494,0.194
812,0.3,0.516,0.216
813,0.5,0.565,0.065
814,1,0.917,-0.083
815,1.2,0.754,-0.446
816,0.3,0.565,0.265
817,0.2,0.401,0.201
818,0.6,0.627,0.027
819,0.2,0.43,0.23
820,0.6,0.568,-0.032
821,0.6,1.041,0.441
822,0.5,0.482,-0.018
823,0.3,0.53,0.23
824,2.3,1.662,-0.638
825,0.1,0.399,0.299
826,1,1.418,0.418
827,0.5,0.523,0.023
828,0.8,0.736,-0.064
829,0.3,0.404,0.104
830,0.5,0.633,0.133
831,0.7,0.666,-0.034
832,0.8,0.71,-0.09
833,0.7,0.429,-0.271
834,0.5,0.539,0.039
835,0.4,0.572,0.172
836,1.1,1.119,0.019
837,0.2,0.467,0.267
838,0.6,0.679,0.079
839,1.2,1.14,-0.06
840,0,0.134,0.134
841,1.3,1.669,0.369
842,0.5,0.52,0.02
843,0.5,1.002,0.502
844,1,1.457,0.457
845,1.6,1.544,-0.056
846,0.1,0.141,0.041
847,1.3,1.47,0.17
848,0.6,0.459,-0.141
849,0.3,0.452,0.152
850,0.6,0.475,-0.125
851,1,1.028,0.028
852,0.4,0.495,0.095
853,0.9,0.945,0.045
854,0.9,1.036,0.136
855,0,0.162,0.162
856,0.4,0.487,0.087
857,1.2,1.111,-0.089
858,0.3,0.546,0.246
859,0.5,0.536,0.036
860,1.1,1.164,0.064
861,0.6,0.485,-0.115
862,0,0.086,0.086
863,0.4,0.482,0.082
864,0.6,0.559,-0.041
865,0.8,1.499,0.699
866,0.5,0.483,-0.017
867,0.1,0.346,0.246
868,0.6,1.104,0.504
869,0.6,0.7,0.1
870,1.3,1.047,-0.253
871,0.5,0.636,0.136
872,0.9,0.949,0.049
873,0.7,0.5,-0.2
874,1.7,0.991,-0.709
875,0.9,1.068,0.168
876,1.5,1.151,-0.349
877,0.4,0.582,0.182
878,0.3,0.338,0.038
879,0.6,0.755,0.155
880,0.8,1.199,0.399
881,0.3,0.507,0.207
882,0.5,0.593,0.093
883,0.3,0.554,0.254
884,1.1,1.123,0.023
885,1.1,0.724,-0.376
886,0.4,0.582,0.182
887,0.3,0.456,0.156
888,1.1,1.061,-0.039
889,0.4,0.365,-0.035
890,0.3,0.494,0.194
891,0.8,1.242,0.442
892,0.9,0.767,-0.133
893,0.5,0.903,0.403
894,1.4,1.664,0.264
895,0.5,0.57,0.07
896,0.5,0.576,0.076
897,0.3,0.874,0.574
898,0.7,0.956,0.256
899,0.6,0.556,-0.044
900,0.8,1.068,0.268
901,1.2,1.133,-0.067
902,0.3,0.516,0.216
903,0.3,0.679,0.379
904,0.5,0.666,0.166
905,0.7,0.922,0.222
906,0.6,0.713,0.113
907,1.4,1.153,-0.247
908,0.4,0.7,0.3
909,1,1.351,0.351
910,0.3,0.556,0.256
911,0.6,0.584,-0.016
912,1,0.981,-0.019
913,1.7,1.524,-0.176
914,0.8,0.957,0.157
915,1.1,1.305,0.205
916,0.5,0.472,-0.028
917,1.1,1.232,0.132
918,2.6,0.601,-1.999
919,1.1,1.082,-0.018
920,0.8,0.85,0.05
921,1.1,1.055,-0.045
922,0.7,0.994,0.294
923,0.3,0.542,0.242
924,0.6,0.493,-0.107
925,0.4,0.545,0.145
926,1,1.087,0.087
927,0.6,0.517,-0.083
928,0.3,1.111,0.811
929,0.7,0.676,-0.024
930,0.5,0.534,0.034
931,0.3,0.435,0.135
932,0.3,0.393,0.093
933,1.4,1.219,-0.181
934,0.6,1.127,0.527
935,1,1.272,0.272
936,0.5,0.604,0.104
937,0.4,0.524,0.124
938,0.5,0.743,0.243
939,1.1,1.074,-0.026
940,0.5,0.479,-0.021
941,1.8,1.516,-0.284
942,0.5,0.431,-0.069
943,1.3,1.331,0.031
944,0.5,0.578,0.078
945,0.3,0.501,0.201
946,0.5,0.607,0.107
947,1.4,1.584,0.184
948,0.3,0.474,0.174
949,1.3,1.637,0.337
950,0.5,0.493,-0.007
