STATION_ID,STATION_TYPE,STATION_LATITUDE,STATION_LONGITUDE,HEIGHT,SEA_LEVEL,SKY_CODE,PRECIPITATION_TYPE,PRECIPITATION_SINCEONTIME,RAIN_SINCEONTIME,RAIN_SINCEMIDNIGHT,RAIN_LAST10MIN,RAIN_LAST15MIN,RAIN_LAST30MIN,RAIN_LAST1HOUR,RAIN_LAST6HOUR,RAIN_LAST12HOUR,RAIN_LAST24HOUR,TEMPERATURE_TC,TEMPERATURE_TMAX,TEMPERATURE_TMIN,WIND_WDIR,WIND_WSPD,HUMIDITY,PRESSURE_SURFACE,PRESSURE_SEALEVEL,LIGHTNING,TIMEOBSERVATION
10001,BTN,37.4831638889,127.0603250000,6,51.975,SKY_A07,0,0.00,0.00,0.00,0.00,0.00,0.00,0.00,0.00,0.00,0.00,20.50,20.60,10.00,136.80,3.00,58.90,997.80,1003.81,0,2016-04-16 15:40:00
10003,BTN,37.4791333333,127.0445583333,10,52.7971,SKY_A07,0,0.00,0.00,0.00,0.00,0.00,0.00,0.00,0.00,0.00,0.00,20.50,20.60,10.00,98.80,2.50,60.00,999.60,1005.71,0,2016-04-16 15:40:00
10005,BTN,37.5162500000,127.0359444444,13,90.6047,SKY_A07,0,0.00,0.00,0.00,0.00,0.00,0.00,0.00,0.00,0.00,0.00,20.20,20.00,12.00,151.20,4.30,55.60,994.50,1004.97,0,2016-04-16 15:40:00
10006,BTN,37.5111786111,127.0242313889,12,64.9704,SKY_A07,0,0.00,0.00,0.00,0.00,0.00,0.00,0.00,0.00,0.00,0.00,20.40,20.00,12.00,122.20,3.60,59.90,997.20,1004.71,0,2016-04-16 15:40:00
10010,BTN,37.5033413889,127.0586336111,5,69.3319,SKY_A07,0,0.00,0.00,0.00,0.00,0.00,0.00,0.00,0.00,0.00,0.00,20.20,20.60,10.00,182.40,3.10,50.70,997.20,1005.23,0,2016-04-16 15:40:00
10011,BTN,37.5035083333,127.0667333333,8,68.5106,SKY_A07,0,0.00,0.00,0.00,0.00,0.00,0.00,0.00,0.00,0.00,0.00,20.10,20.60,10.00,183.40,5.30,52.30,998.90,1006.85,0,2016-04-16 15:40:00
10014,BTN,37.4959613889,127.0529111111,8,49.6575,SKY_A07,0,0.00,0.00,0.00,0.00,0.00,0.00,0.00,0.00,0.00,0.00,20.20,20.60,10.00,157.20,2.10,55.50,999.20,1004.95,0,2016-04-16 15:40:00
10015,BTN,37.4900138889,127.0347450000,7,67.4729,SKY_A07,0,0.00,0.00,0.00,0.00,0.00,0.00,0.00,0.00,0.00,0.00,19.90,20.60,10.00,121.30,3.70,57.50,996.30,1004.11,0,2016-04-16 15:40:00
10018,BTN,37.5103937000,127.0576884000,8,47.536,SKY_A07,0,0.00,0.00,0.00,0.00,0.00,0.00,0.00,0.00,0.00,0.00,20.80,20.00,12.00,223.50,1.20,54.90,998.60,1004.21,0,2016-04-16 15:40:00
10019,BTN,37.5122347222,127.0530691667,8,60.4393,SKY_A07,0,0.00,0.00,0.00,0.00,0.00,0.00,0.00,0.00,0.00,0.00,20.60,20.00,12.00,133.90,2.40,49.60,998.60,1005.59,0,2016-04-16 15:40:00
10021,BTN,37.5186500000,127.0507080556,7,62.8136,SKY_A07,0,0.00,0.00,0.00,0.00,0.00,0.00,0.00,0.00,0.00,0.00,20.40,20.00,12.00,132.30,2.80,54.60,998.30,1005.57,0,2016-04-16 15:40:00
10022,BTN,37.4636113889,127.1055630556,9,33.6353,SKY_A07,0,0.00,0.00,0.00,0.00,0.00,0.00,0.00,0.00,0.00,0.00,20.50,20.70,10.40,175.10,4.40,59.10,1001.00,1004.90,0,2016-04-16 15:40:00
10023,BTN,37.5226125000,127.0201108333,15,54.6592,SKY_A07,0,0.00,0.00,0.00,0.00,0.00,0.00,0.00,0.00,0.00,0.00,20.20,20.00,12.00,160.20,1.60,55.90,999.00,1005.33,0,2016-04-16 15:40:00
10025,BTN,37.5221805556,127.0331000000,9,63.7039,SKY_A07,0,0.00,0.00,0.00,0.00,0.00,0.00,0.00,0.00,0.00,0.00,20.60,20.00,12.00,134.30,1.10,56.30,998.20,1005.57,0,2016-04-16 15:40:00
10030,BTN,37.5019483333,127.0419586111,10,104.4053,SKY_A07,0,0.00,0.00,0.00,0.00,0.00,0.00,0.00,0.00,0.00,0.00,20.10,20.60,10.00,208.10,0.70,58.10,992.70,1004.75,0,2016-04-16 15:40:00
10032,BTN,37.4972486111,127.0444663889,11,76.608,SKY_A07,0,0.00,0.00,0.00,0.00,0.00,0.00,0.00,0.00,0.00,0.00,20.20,20.60,10.00,127.20,5.60,57.90,995.90,1004.76,0,2016-04-16 15:40:00
10035,BTN,37.4935638889,127.0301555556,2,72.4857,SKY_A07,0,0.00,0.00,0.00,0.00,0.00,0.00,0.00,0.00,0.00,0.00,20.20,20.60,10.00,139.50,5.00,56.10,995.30,1003.68,0,2016-04-16 15:40:00
10036,BTN,37.4894505556,127.0825044444,7,49.9032,SKY_A07,0,0.00,0.00,0.00,0.00,0.00,0.00,0.00,0.00,0.00,0.00,20.40,20.70,10.40,108.40,4.70,55.30,999.30,1005.08,0,2016-04-16 15:40:00
10037,BTN,37.5210305556,127.0572888889,18,81.7495,SKY_A07,0,0.00,0.00,0.00,0.00,0.00,0.00,0.00,0.00,0.00,0.00,20.50,20.00,12.00,149.90,4.40,58.00,996.30,1005.75,0,2016-04-16 15:40:00
10040,BTN,37.5378861111,127.1396583333,9,56.9444,SKY_A07,0,0.00,0.00,0.00,0.00,0.00,0.00,0.00,0.00,0.00,0.00,20.70,20.40,10.20,136.90,2.90,55.60,998.10,1004.68,0,2016-04-16 15:40:00
10042,BTN,37.5525122222,127.1536294444,5,69.2126,SKY_A07,0,0.00,0.00,0.00,0.00,0.00,0.00,0.00,0.00,0.00,0.00,20.20,20.40,10.20,175.80,5.60,53.90,996.80,1004.81,0,2016-04-16 15:40:00
10043,BTN,37.5484861111,127.1726722222,8,55.485,SKY_A07,0,0.00,0.00,0.00,0.00,0.00,0.00,0.00,0.00,0.00,0.00,20.90,20.40,10.20,112.60,2.30,56.50,999.50,1005.92,0,2016-04-16 15:40:00
10044,BTN,37.5298777778,127.1322694444,10,51.7449,SKY_A07,0,0.00,0.00,0.00,0.00,0.00,0.00,0.00,0.00,0.00,0.00,21.00,20.60,11.20,148.80,1.40,56.70,999.40,1005.38,0,2016-04-16 15:40:00
10045,BTN,37.5223222222,127.1328527778,17.3063,50.8063,SKY_A07,0,0.00,0.00,0.00,0.00,0.00,0.00,0.00,0.00,0.00,0.00,21.00,20.60,11.20,129.20,3.00,55.70,999.50,1005.37,0,2016-04-16 15:40:00
10047,BTN,37.5549333333,127.1345555556,8,60.043,SKY_A07,0,0.00,0.00,0.00,0.00,0.00,0.00,0.00,0.00,0.00,0.00,20.70,20.40,10.20,165.80,2.10,57.10,997.70,1004.64,0,2016-04-16 15:40:00
10048,BTN,37.5490277778,127.1266944444,8,57.8966,SKY_A07,0,0.00,0.00,0.00,0.00,0.00,0.00,0.00,0.00,0.00,0.00,20.90,20.60,11.20,164.60,5.70,60.90,999.40,1006.10,0,2016-04-16 15:40:00
10049,BTN,37.5407111111,127.1282750000,8,57.0062,SKY_A07,0,0.00,0.00,0.00,0.00,0.00,0.00,0.00,0.00,0.00,0.00,20.80,20.60,11.20,94.40,4.90,57.80,998.50,1005.09,0,2016-04-16 15:40:00
10050,BTN,37.5443220000,127.1421050000,11,62.5,SKY_A07,0,0.00,0.00,0.00,0.00,0.00,0.00,0.00,0.00,0.00,0.00,20.70,20.40,10.20,125.50,2.00,55.40,997.80,1005.02,0,2016-04-16 15:40:00
10053,BTN,37.6259055556,127.0175250000,8,77.5211,SKY_A07,1,0.01,0.00,0.00,0.00,0.00,0.00,0.00,0.00,0.00,0.00,18.30,19.30,8.70,18.20,0.90,71.90,995.70,1004.73,0,2016-04-16 15:40:00
10054,BTN,37.6115305556,127.0223750000,5,89.3459,SKY_A07,0,0.00,0.00,0.00,0.00,0.00,0.00,0.00,0.00,0.00,0.00,19.60,19.70,9.90,120.10,2.20,61.00,994.80,1005.15,0,2016-04-16 15:40:00
10055,BTN,37.6203611111,127.0213555556,15,80.7448,SKY_A07,0,0.00,0.00,0.00,0.00,0.00,0.00,0.00,0.00,0.00,0.00,18.90,19.70,9.90,154.60,0.70,66.70,996.40,1005.79,0,2016-04-16 15:40:00
10056,BTN,37.6203983333,127.0131611111,7,88.4252,SKY_A07,1,0.01,0.10,0.10,0.00,0.00,0.10,0.10,0.10,0.10,0.10,18.70,19.30,8.70,229.70,0.30,71.30,993.20,1003.46,0,2016-04-16 15:40:00
10057,BTN,37.6345833333,127.0223194444,14,82.6157,SKY_A07,0,0.00,0.00,0.00,0.00,0.00,0.00,0.00,0.00,0.00,0.00,18.20,19.70,9.90,217.60,2.70,71.80,995.60,1005.23,0,2016-04-16 15:40:00
10059,BTN,37.6627750000,127.0132611111,10,86.8831,SKY_A07,1,0.01,0.10,0.20,0.00,0.00,0.00,0.10,0.20,0.20,0.20,15.30,19.00,7.40,341.40,1.00,93.70,994.60,1004.83,0,2016-04-16 15:40:00
10060,BTN,37.5634444444,126.8525944444,8,47.9682,SKY_A07,1,0.01,0.10,0.20,0.00,0.00,0.00,0.20,0.20,0.20,0.20,19.20,19.60,10.30,208.00,2.30,67.80,998.40,1003.97,0,2016-04-16 15:40:00
10061,BTN,37.5611916667,126.7976583333,9,45.5081,SKY_A07,1,0.01,0.00,0.10,0.00,0.00,0.00,0.10,0.10,0.10,0.10,19.20,19.60,10.90,149.80,6.60,69.90,999.90,1005.20,0,2016-04-16 15:40:00
10062,BTN,37.5582277778,126.8376944444,10,47.32652,SKY_A07,1,0.01,0.00,0.00,0.00,0.00,0.00,0.00,0.00,0.00,0.00,19.30,19.60,10.90,155.30,2.30,67.10,999.30,1004.80,0,2016-04-16 15:40:00
10063,BTN,37.5527222222,126.8367777778,8,46.1032,SKY_A07,1,0.01,0.00,0.00,0.00,0.00,0.00,0.00,0.00,0.00,0.00,19.50,19.40,11.30,178.50,4.10,67.00,1000.10,1005.46,0,2016-04-16 15:40:00
10064,BTN,37.5623888889,126.8077527778,15,60.181,SKY_A07,1,0.01,0.10,0.30,0.00,0.00,0.10,0.20,0.30,0.30,0.30,18.70,19.60,10.90,90.50,2.30,69.70,999.10,1006.12,0,2016-04-16 15:40:00
10068,BTN,37.5539416667,126.8190083333,6,44.704,SKY_A07,1,0.01,0.00,0.30,0.00,0.00,0.00,0.10,0.30,0.30,0.30,19.10,19.40,11.30,187.10,6.70,66.70,998.60,1003.80,0,2016-04-16 15:40:00
10071,BTN,37.5536388889,126.8514555556,6,51.8036,SKY_A07,1,0.01,0.00,0.10,0.00,0.00,0.00,0.10,0.10,0.10,0.10,19.20,19.70,10.80,217.50,6.20,67.00,998.70,1004.72,0,2016-04-16 15:40:00
10072,BTN,37.5306111111,126.8493138889,8,40.9432,SKY_A07,1,0.01,0.00,0.10,0.00,0.00,0.00,0.00,0.10,0.10,0.10,19.40,19.70,10.80,120.00,5.90,64.80,999.70,1004.46,0,2016-04-16 15:40:00
10073,BTN,37.5412333333,126.8399333333,4,55.1571,SKY_A07,1,0.01,0.00,0.00,0.00,0.00,0.00,0.00,0.00,0.00,0.00,19.50,19.40,11.30,166.40,3.90,60.20,999.30,1005.71,0,2016-04-16 15:40:00
10074,BTN,37.5288366667,126.8533230556,4,28.2309,SKY_A07,1,0.01,0.00,0.10,0.00,0.00,0.00,0.00,0.10,0.10,0.10,19.90,19.70,10.80,150.60,2.30,63.80,1002.00,1005.28,0,2016-04-16 15:40:00
10075,BTN,37.5478944444,126.8465472222,9,54.1622,SKY_A07,1,0.01,0.00,0.10,0.00,0.00,0.00,0.10,0.10,0.10,0.10,19.50,19.70,10.80,128.90,3.70,68.40,998.70,1004.99,0,2016-04-16 15:40:00
10076,BTN,37.4625000000,126.9183333333,7,95.3671,SKY_A07,1,0.01,0.00,0.10,0.00,0.00,0.00,0.00,0.10,0.10,0.10,19.60,20.20,9.40,111.40,1.20,53.60,995.00,1006.05,0,2016-04-16 15:40:00
10077,BTN,37.4919444444,126.9255555556,5,64.39,SKY_A07,1,0.01,0.00,0.10,0.00,0.00,0.00,0.00,0.10,0.10,0.10,19.70,20.20,10.10,206.80,3.20,61.20,995.50,1002.95,0,2016-04-16 15:40:00
10078,BTN,37.4746108333,126.9526205556,7,97.6882,SKY_A07,1,0.01,0.00,0.00,0.00,0.00,0.00,0.00,0.00,0.00,0.00,19.70,20.20,10.10,201.30,2.20,62.10,994.10,1005.41,0,2016-04-16 15:40:00
10079,BTN,37.4763052778,126.9664416667,6,89.4836,SKY_A07,1,0.01,0.00,0.00,0.00,0.00,0.00,0.00,0.00,0.00,0.00,20.20,20.30,9.80,98.50,1.30,61.50,994.80,1005.14,0,2016-04-16 15:40:00
10080,BTN,37.4815111111,126.9537083333,2.5,72.6659,SKY_A07,1,0.01,0.00,0.00,0.00,0.00,0.00,0.00,0.00,0.00,0.00,20.20,20.20,10.10,76.80,1.30,58.30,996.50,1004.91,0,2016-04-16 15:40:00
10081,BTN,37.4777416667,126.9335861111,2.5,68.4277,SKY_A07,1,0.01,0.00,0.00,0.00,0.00,0.00,0.00,0.00,0.00,0.00,20.30,20.20,10.10,156.50,0.70,60.20,997.40,1005.32,0,2016-04-16 15:40:00
10084,BTN,37.4826058333,126.9284605556,9,65.482,SKY_A07,1,0.01,0.00,0.00,0.00,0.00,0.00,0.00,0.00,0.00,0.00,20.10,20.20,10.10,48.80,1.60,55.60,996.10,1003.67,0,2016-04-16 15:40:00
10085,BTN,37.4579305556,126.9537055556,15,171.804,SKY_A07,1,0.01,0.00,0.00,0.00,0.00,0.00,0.00,0.00,0.00,0.00,18.70,20.20,9.40,63.00,0.50,66.00,985.60,1005.48,0,2016-04-16 15:40:00
10086,BTN,37.4869000000,126.9137000000,15,60.4435,SKY_A07,1,0.01,0.00,0.10,0.00,0.00,0.00,0.00,0.10,0.10,0.10,19.70,20.20,10.10,125.90,3.70,63.10,999.50,1006.52,0,2016-04-16 15:40:00
10087,BTN,37.4853369444,126.9367861111,5,48.1596,SKY_A07,1,0.01,0.00,0.00,0.00,0.00,0.00,0.00,0.00,0.00,0.00,20.50,20.20,10.10,119.50,1.90,60.40,999.40,1004.98,0,2016-04-16 15:40:00
10088,BTN,37.4819980556,126.9427263889,8,65.6039,SKY_A07,1,0.01,0.00,0.00,0.00,0.00,0.00,0.00,0.00,0.00,0.00,19.70,20.20,10.10,163.80,3.60,62.90,996.90,1004.50,0,2016-04-16 15:40:00
10089,BTN,37.5491055556,127.1082472222,3,56.8771,SKY_A07,0,0.00,0.00,0.00,0.00,0.00,0.00,0.00,0.00,0.00,0.00,20.50,20.60,11.20,186.60,1.40,60.30,998.00,1004.58,0,2016-04-16 15:40:00
10094,BTN,37.5511386111,127.0694511111,3,39.3713,SKY_A07,0,0.00,0.00,0.00,0.00,0.00,0.00,0.00,0.00,0.00,0.00,20.90,20.00,12.00,154.10,2.40,54.10,1000.00,1004.55,0,2016-04-16 15:40:00
10095,BTN,37.5529055556,127.0885333333,3,59.1382,SKY_A07,0,0.00,0.00,0.00,0.00,0.00,0.00,0.00,0.00,0.00,0.00,20.50,20.60,11.20,173.70,3.50,59.80,997.70,1004.54,0,2016-04-16 15:40:00
10096,BTN,37.5455816667,127.0769508333,11,59.3476,SKY_A07,0,0.00,0.00,0.00,0.00,0.00,0.00,0.00,0.00,0.00,0.00,20.30,20.60,11.20,114.80,4.10,58.50,998.10,1004.97,0,2016-04-16 15:40:00
10098,BTN,37.5361808333,127.0831533333,16,65.9381,SKY_A07,0,0.00,0.00,0.00,0.00,0.00,0.00,0.00,0.00,0.00,0.00,20.30,20.60,11.20,183.50,2.30,57.90,997.30,1004.93,0,2016-04-16 15:40:00
10099,BTN,37.5315000000,127.0749666667,9,46.8011,SKY_A07,0,0.00,0.00,0.00,0.00,0.00,0.00,0.00,0.00,0.00,0.00,20.70,20.00,12.00,124.80,3.90,58.40,999.70,1005.12,0,2016-04-16 15:40:00
10100,BTN,37.5330916667,127.0853805556,10,56.0959,SKY_A07,0,0.00,0.00,0.00,0.00,0.00,0.00,0.00,0.00,0.00,0.00,20.50,20.60,11.20,139.90,2.90,53.00,998.60,1005.09,0,2016-04-16 15:40:00
10101,BTN,37.5598888889,127.0743333333,9,47.0279,SKY_A07,0,0.00,0.00,0.00,0.00,0.00,0.00,0.00,0.00,0.00,0.00,20.50,20.10,10.70,166.70,3.70,57.30,999.40,1004.84,0,2016-04-16 15:40:00
10102,BTN,37.5617416667,127.0823472222,7,51.1929,SKY_A07,0,0.00,0.00,0.10,0.00,0.00,0.00,0.00,0.10,0.10,0.10,20.50,20.40,11.40,150.90,3.10,57.80,999.60,1005.53,0,2016-04-16 15:40:00
10103,BTN,37.5712250000,127.0835027778,7,47.5933,SKY_A07,0,0.00,0.00,0.00,0.00,0.00,0.00,0.00,0.00,0.00,0.00,20.50,20.40,11.40,175.30,2.70,56.80,999.40,1004.91,0,2016-04-16 15:40:00
10106,BTN,37.4860870000,126.8555420000,12,50.1125,SKY_A07,1,0.01,0.00,0.00,0.00,0.00,0.00,0.00,0.00,0.00,0.00,19.60,19.80,10.40,132.60,4.80,64.30,1000.50,1004.74,0,2016-04-16 15:40:00
10108,BTN,37.4973305556,126.8631138889,10,58.6022,SKY_A07,1,0.01,0.00,0.00,0.00,0.00,0.00,0.00,0.00,0.00,0.00,19.40,19.80,10.40,2.70,4.30,65.80,997.20,1004.00,0,2016-04-16 15:40:00
10110,BTN,37.4841305556,126.8942277778,15,80.6969,SKY_A07,1,0.01,0.00,0.00,0.00,0.00,0.00,0.00,0.00,0.00,0.00,18.80,19.80,10.40,132.60,3.70,67.70,994.70,1004.07,0,2016-04-16 15:40:00
10111,BTN,37.5032763889,126.8810975000,5,50.2806,SKY_A07,1,0.01,0.00,0.00,0.00,0.00,0.00,0.00,0.00,0.00,0.00,19.50,19.80,10.40,178.10,4.30,63.40,998.00,1003.84,0,2016-04-16 15:40:00
10112,BTN,37.4994530556,126.8727797222,15,60.3462,SKY_A07,1,0.01,0.00,0.00,0.00,0.00,0.00,0.00,0.00,0.00,0.00,19.60,19.80,10.40,168.30,2.40,64.60,998.90,1005.91,0,2016-04-16 15:40:00
10113,BTN,37.4966111111,126.8452194444,2,73.7439,SKY_A07,1,0.01,0.00,0.00,0.00,0.00,0.00,0.00,0.00,0.00,0.00,19.90,19.80,10.40,293.20,0.70,57.00,997.00,1005.55,0,2016-04-16 15:40:00
10114,BTN,37.4911338889,126.8250041667,11,56.4502,SKY_A07,1,0.01,0.00,0.00,0.00,0.00,0.00,0.00,0.00,0.00,0.00,18.90,19.40,10.60,160.50,6.20,65.80,999.00,1005.57,0,2016-04-16 15:40:00
10117,BTN,37.4662641667,126.8983219444,3,58.1473,SKY_A07,1,0.01,0.00,0.20,0.00,0.00,0.00,0.00,0.20,0.20,0.20,19.70,19.80,10.40,113.00,3.40,56.50,998.50,1005.25,0,2016-04-16 15:40:00
10118,BTN,37.4759886111,126.8990044444,9,62.8618,SKY_A07,1,0.01,0.00,0.10,0.00,0.00,0.00,0.00,0.10,0.10,0.10,19.70,19.80,10.40,204.40,2.40,60.20,998.40,1005.70,0,2016-04-16 15:40:00
10119,BTN,37.4395777778,126.9029416667,9,40.8351,SKY_A07,1,0.01,0.00,0.10,0.00,0.00,0.00,0.00,0.10,0.10,0.10,19.50,20.20,9.40,176.40,4.30,60.10,1000.40,1005.15,0,2016-04-16 15:40:00
10120,BTN,37.4517666667,126.9082416667,6,48.1679,SKY_A07,1,0.01,0.00,0.20,0.00,0.00,0.00,0.00,0.20,0.20,0.20,19.70,20.20,9.40,219.70,4.30,53.70,999.10,1004.69,0,2016-04-16 15:40:00
10121,BTN,37.4517577778,126.9022036111,15,50.0785,SKY_A07,1,0.01,0.00,0.30,0.00,0.00,0.00,0.00,0.30,0.30,0.30,19.50,20.20,9.40,204.10,4.10,62.00,998.70,1004.52,0,2016-04-16 15:40:00
10122,BTN,37.6187694444,127.0776055556,21,75.7964,SKY_A07,0,0.00,0.00,0.00,0.00,0.00,0.00,0.00,0.00,0.00,0.00,19.60,20.20,10.30,198.40,2.30,53.40,997.90,1006.70,0,2016-04-16 15:40:00
10123,BTN,37.6271861111,127.0791111111,5,64.3533,SKY_A07,0,0.00,0.00,0.00,0.00,0.00,0.00,0.00,0.00,0.00,0.00,19.20,20.20,10.30,229.70,2.30,67.00,996.90,1004.37,0,2016-04-16 15:40:00
10124,BTN,37.6282125000,127.0713105556,6,46.9203,SKY_A07,0,0.00,0.00,0.90,0.00,0.00,0.00,0.00,0.90,0.90,0.90,19.70,19.70,9.90,300.00,1.70,55.60,999.20,1004.65,0,2016-04-16 15:40:00
10126,BTN,37.6685027778,127.0792527778,15,81.4911,SKY_A08,0,0.00,0.20,1.00,0.10,0.10,0.10,0.20,1.00,1.00,1.00,17.20,19.90,9.10,10.30,3.40,87.20,995.20,1004.73,0,2016-04-16 15:40:00
10127,BTN,37.6638416667,127.0684277778,13,77.6411,SKY_A07,0,0.00,0.00,0.70,0.00,0.00,0.00,0.00,0.70,0.70,0.70,17.50,19.40,8.60,47.00,1.20,76.70,995.60,1004.67,0,2016-04-16 15:40:00
10128,BTN,37.6666686111,127.0569455556,15,62.845,SKY_A08,0,0.00,0.10,0.20,0.10,0.10,0.10,0.10,0.20,0.20,0.20,17.80,19.40,8.60,338.10,0.50,77.00,998.20,1005.55,0,2016-04-16 15:40:00
10129,BTN,37.6216972222,127.0595305556,20,69.1731,SKY_A07,0,0.00,0.00,0.20,0.00,0.00,0.00,0.00,0.20,0.20,0.20,19.20,19.70,9.90,339.10,1.90,54.80,998.60,1006.65,0,2016-04-16 15:40:00
10130,BTN,37.6267611111,127.0511611111,24.5305,74.0305,SKY_A07,0,0.00,0.00,0.00,0.00,0.00,0.00,0.00,0.00,0.00,0.00,18.90,19.70,9.90,131.00,3.50,60.60,996.70,1005.31,0,2016-04-16 15:40:00
10131,BTN,37.6290750000,127.0575805556,12,62.5318,SKY_A07,0,0.00,0.00,0.10,0.00,0.00,0.00,0.00,0.10,0.10,0.10,18.70,19.70,9.90,307.00,0.10,63.10,998.00,1005.28,0,2016-04-16 15:40:00
10133,BTN,37.6392500000,127.0750916667,15,79.284,SKY_A07,0,0.00,0.00,0.20,0.00,0.00,0.00,0.00,0.20,0.20,0.20,18.20,19.70,9.90,333.60,1.00,70.30,995.10,1004.33,0,2016-04-16 15:40:00
10134,BTN,37.6856055556,127.0457083333,8,63.0574,SKY_A08,0,0.00,4.70,5.70,1.90,2.90,4.40,4.70,5.70,5.70,5.70,16.80,19.40,8.60,293.80,1.40,88.40,997.60,1004.99,0,2016-04-16 15:40:00
10135,BTN,37.6647916667,127.0354583333,15,61.1405,SKY_A07,0,0.00,0.30,0.40,0.00,0.00,0.20,0.30,0.40,0.40,0.40,17.40,19.40,8.60,342.60,2.40,80.40,998.10,1005.26,0,2016-04-16 15:40:00
10137,BTN,37.6505972222,127.0362583333,4,62.329,SKY_A07,0,0.00,0.10,0.20,0.00,0.00,0.00,0.10,0.20,0.20,0.20,18.30,19.40,8.60,321.00,2.70,65.00,997.10,1004.36,0,2016-04-16 15:40:00
10138,BTN,37.6376611111,127.0382777778,20,62.9035,SKY_A07,0,0.00,0.00,0.00,0.00,0.00,0.00,0.00,0.00,0.00,0.00,18.80,19.70,9.90,32.70,0.70,68.50,999.20,1006.53,0,2016-04-16 15:40:00
10139,BTN,37.6532083333,127.0518527778,2,82.251,SKY_A07,0,0.00,0.00,0.10,0.00,0.00,0.00,0.00,0.10,0.10,0.10,18.00,19.40,8.60,344.60,1.40,73.60,995.50,1005.09,0,2016-04-16 15:40:00
10140,BTN,37.6519361111,127.0456944444,10,67.3914,SKY_A07,0,0.00,0.10,0.10,0.00,0.00,0.00,0.10,0.10,0.10,0.10,18.00,19.40,8.60,12.30,1.20,71.40,997.40,1005.27,0,2016-04-16 15:40:00
10144,BTN,37.5780841667,127.0300633333,5,44.5516,SKY_A07,0,0.00,0.00,0.00,0.00,0.00,0.00,0.00,0.00,0.00,0.00,21.00,20.10,10.70,142.40,1.30,55.60,1000.40,1005.55,0,2016-04-16 15:40:00
10145,BTN,37.5746250000,127.0379277778,10,45.8716,SKY_A07,0,0.00,0.00,0.00,0.00,0.00,0.00,0.00,0.00,0.00,0.00,20.50,20.10,10.70,161.50,3.90,56.70,1000.00,1005.31,0,2016-04-16 15:40:00
10147,BTN,37.5791944444,127.0740694444,11,52.8107,SKY_A07,0,0.00,0.00,0.00,0.00,0.00,0.00,0.00,0.00,0.00,0.00,20.20,20.10,10.70,188.10,3.50,51.40,999.70,1005.82,0,2016-04-16 15:40:00
10149,BTN,37.5619475000,127.0652919444,4,46.1874,SKY_A07,0,0.00,0.00,0.10,0.00,0.00,0.00,0.10,0.10,0.10,0.10,20.70,20.10,10.70,195.60,3.10,58.00,999.40,1004.74,0,2016-04-16 15:40:00
10150,BTN,37.5839500000,127.0535277778,6,75.922,SKY_A07,0,0.00,0.00,0.00,0.00,0.00,0.00,0.00,0.00,0.00,0.00,20.20,20.10,10.70,209.30,2.60,59.40,997.00,1005.79,0,2016-04-16 15:40:00
10151,BTN,37.5783008333,127.0570625000,8,44.2973,SKY_A07,0,0.00,0.00,0.00,0.00,0.00,0.00,0.00,0.00,0.00,0.00,20.90,20.10,10.70,199.70,5.70,58.40,1000.10,1005.22,0,2016-04-16 15:40:00
10152,BTN,37.5860361111,127.0370083333,7,45.1996,SKY_A07,0,0.00,0.00,0.00,0.00,0.00,0.00,0.00,0.00,0.00,0.00,19.70,20.10,10.70,135.00,6.40,57.80,999.90,1005.15,0,2016-04-16 15:40:00
10153,BTN,37.5916388889,127.0490944444,5,61.0173,SKY_A07,0,0.00,0.00,0.00,0.00,0.00,0.00,0.00,0.00,0.00,0.00,20.70,20.10,10.70,338.20,1.10,57.60,998.30,1005.35,0,2016-04-16 15:40:00
10154,BTN,37.5140566667,126.9448016667,25,70.2214,SKY_A07,1,0.01,0.00,0.00,0.00,0.00,0.00,0.00,0.00,0.00,0.00,19.70,19.90,10.30,123.80,2.30,62.90,997.90,1006.05,0,2016-04-16 15:40:00
10155,BTN,37.4994444444,126.9277777778,15,62.6797,SKY_A07,1,0.01,0.00,0.00,0.00,0.00,0.00,0.00,0.00,0.00,0.00,19.70,20.20,10.10,122.60,6.20,64.00,997.20,1004.47,0,2016-04-16 15:40:00
10156,BTN,37.5124861111,126.9548694444,10,45.3102,SKY_A07,1,0.01,0.00,0.00,0.00,0.00,0.00,0.00,0.00,0.00,0.00,20.20,19.90,10.30,187.60,1.70,61.30,999.80,1005.05,0,2016-04-16 15:40:00
10157,BTN,37.4775000000,126.9811111111,6,53.456,SKY_A07,1,0.01,0.00,0.00,0.00,0.00,0.00,0.00,0.00,0.00,0.00,19.70,20.30,9.80,176.90,3.90,60.80,999.20,1005.41,0,2016-04-16 15:40:00
10160,BTN,37.5031563889,126.9472791667,6,63.3227,SKY_A07,1,0.01,0.00,0.00,0.00,0.00,0.00,0.00,0.00,0.00,0.00,19.70,20.20,10.10,159.00,2.50,46.40,999.00,1006.35,0,2016-04-16 15:40:00
10161,BTN,37.4947222222,126.9583333333,10,119.5849,SKY_A07,1,0.01,0.00,0.00,0.00,0.00,0.00,0.00,0.00,0.00,0.00,19.70,20.20,10.10,68.00,1.10,59.30,992.90,1006.74,0,2016-04-16 15:40:00
10164,BTN,37.5565833333,126.9451555556,9,81.2807,SKY_A07,1,0.01,0.00,0.00,0.00,0.00,0.00,0.00,0.00,0.00,0.00,19.20,19.90,10.30,160.30,4.80,63.20,994.50,1003.92,0,2016-04-16 15:40:00
10166,BTN,37.5580527778,126.9049027778,17,63.8028,SKY_A07,1,0.01,0.00,0.20,0.00,0.00,0.00,0.00,0.20,0.20,0.20,19.40,19.60,9.70,107.90,3.90,63.10,1000.20,1007.63,0,2016-04-16 15:40:00
10168,BTN,37.5508083333,126.9203194444,5,44.7957,SKY_A07,1,0.01,0.00,0.20,0.00,0.00,0.00,0.00,0.20,0.20,0.20,19.70,19.90,10.30,171.40,4.20,62.20,999.70,1004.90,0,2016-04-16 15:40:00
10169,BTN,37.5545055556,126.9159583333,7,42.6465,SKY_A07,1,0.01,0.00,0.10,0.00,0.00,0.00,0.00,0.10,0.10,0.10,19.90,19.90,10.30,90.00,0.70,64.80,1000.00,1004.95,0,2016-04-16 15:40:00
10171,BTN,37.5433580556,126.9530727778,4,127.2637,SKY_A07,1,0.01,0.00,0.00,0.00,0.00,0.00,0.00,0.00,0.00,0.00,19.50,19.90,10.30,157.80,2.90,63.70,991.00,1005.72,0,2016-04-16 15:40:00
10172,BTN,37.5502611111,126.9327638889,8,53.3176,SKY_A07,1,0.01,0.00,0.10,0.00,0.00,0.00,0.00,0.10,0.10,0.10,19.70,19.90,10.30,193.50,1.60,62.60,999.10,1005.29,0,2016-04-16 15:40:00
10173,BTN,37.5750805556,126.9181111111,5,52.9331,SKY_A07,1,0.01,0.00,0.20,0.00,0.00,0.00,0.00,0.20,0.20,0.20,19.70,19.60,9.70,136.10,2.00,67.30,998.60,1004.74,0,2016-04-16 15:40:00
10174,BTN,37.5661388889,126.9461944444,7,79.895,SKY_A07,1,0.01,0.00,0.00,0.00,0.00,0.00,0.00,0.00,0.00,0.00,19.70,19.60,9.70,208.90,1.90,63.50,995.90,1005.16,0,2016-04-16 15:40:00
10176,BTN,37.5835611111,126.9111611111,10,60.4644,SKY_A07,1,0.01,0.00,0.00,0.00,0.00,0.00,0.00,0.00,0.00,0.00,18.60,19.60,9.70,161.60,2.60,64.40,998.40,1005.45,0,2016-04-16 15:40:00
10177,BTN,37.5586861111,126.9600861111,9,72.5077,SKY_A07,1,0.01,0.00,0.00,0.00,0.00,0.00,0.00,0.00,0.00,0.00,19.70,19.00,10.00,161.10,6.40,64.80,995.30,1003.69,0,2016-04-16 15:40:00
10179,BTN,37.5773555556,126.9354508333,10,64.9,SKY_A07,1,0.01,0.00,0.20,0.00,0.00,0.00,0.00,0.20,0.20,0.20,19.70,19.60,9.70,251.20,2.90,66.10,997.50,1005.03,0,2016-04-16 15:40:00
10180,BTN,37.5655658333,126.9291925000,19.0229,50.5229,SKY_A07,1,0.01,0.00,0.10,0.00,0.00,0.00,0.00,0.10,0.10,0.10,19.70,19.60,9.70,133.30,3.90,63.60,998.00,1003.86,0,2016-04-16 15:40:00
10181,BTN,37.5557138889,126.9372861111,7,81.5307,SKY_A07,1,0.01,0.00,0.10,0.00,0.00,0.00,0.00,0.10,0.10,0.10,19.70,19.90,10.30,175.60,3.70,58.00,995.70,1005.15,0,2016-04-16 15:40:00
10182,BTN,37.5820027778,126.9261888889,8,62.1588,SKY_A07,1,0.01,0.00,0.10,0.00,0.00,0.00,0.00,0.10,0.10,0.10,19.40,19.60,9.70,173.10,1.60,63.60,997.90,1005.12,0,2016-04-16 15:40:00
10183,BTN,37.5912750000,126.9404777778,10,72.8158,SKY_A07,1,0.01,0.00,0.30,0.00,0.00,0.00,0.00,0.30,0.30,0.30,19.70,19.60,9.70,238.30,1.90,66.00,996.30,1004.74,0,2016-04-16 15:40:00
10184,BTN,37.5965861111,126.9483277778,10,60.3158,SKY_A07,1,0.01,0.00,0.20,0.00,0.00,0.00,0.00,0.20,0.20,0.20,19.70,19.60,9.70,159.40,1.10,65.90,998.00,1005.00,0,2016-04-16 15:40:00
10185,BTN,37.5861238889,126.9464158333,5,78.9302,SKY_A07,1,0.01,0.00,0.20,0.00,0.00,0.00,0.10,0.20,0.20,0.20,20.20,19.60,9.70,208.90,1.00,63.70,995.40,1004.52,0,2016-04-16 15:40:00
10186,BTN,37.4642722222,127.0865558000,37.4643,80.96,SKY_A07,0,0.00,0.00,0.00,0.00,0.00,0.00,0.00,0.00,0.00,0.00,19.90,20.70,10.40,75.10,0.70,56.10,996.50,1005.88,0,2016-04-16 15:40:00
10187,BTN,37.5103638889,127.0201638889,12,40.7837,SKY_A07,0,0.00,0.00,0.00,0.00,0.00,0.00,0.00,0.00,0.00,0.00,20.00,20.60,10.00,200.70,2.90,60.30,998.60,1003.33,0,2016-04-16 15:40:00
10188,BTN,37.5039033333,127.0191758333,8,40.2837,SKY_A07,0,0.00,0.00,0.00,0.00,0.00,0.00,0.00,0.00,0.00,0.00,20.50,20.60,10.00,96.90,2.10,58.30,1000.60,1005.27,0,2016-04-16 15:40:00
10191,BTN,37.5022111111,126.9866083333,15,51.1073,SKY_A07,1,0.01,0.00,0.00,0.00,0.00,0.00,0.00,0.00,0.00,0.00,19.40,20.30,9.80,111.70,6.80,64.80,998.50,1004.44,0,2016-04-16 15:40:00
10193,BTN,37.4893322222,126.9919966667,10,54.3157,SKY_A07,1,0.01,0.00,0.00,0.00,0.00,0.00,0.00,0.00,0.00,0.00,19.10,20.30,9.80,195.20,2.70,60.50,999.00,1005.32,0,2016-04-16 15:40:00
10194,BTN,37.4864886111,127.0206561111,5,90.3725,SKY_A07,0,0.00,0.00,0.00,0.00,0.00,0.00,0.00,0.00,0.00,0.00,19.90,20.60,10.00,124.80,5.10,59.00,994.90,1005.36,0,2016-04-16 15:40:00
10196,BTN,37.4806222222,127.0123750000,6,87.831,SKY_A07,1,0.01,0.00,0.00,0.00,0.00,0.00,0.00,0.00,0.00,0.00,20.20,20.30,9.80,246.70,1.00,58.90,992.40,1002.53,0,2016-04-16 15:40:00
10198,BTN,37.4832972222,127.0037000000,10,78.9728,SKY_A07,1,0.01,0.00,0.00,0.00,0.00,0.00,0.00,0.00,0.00,0.00,20.20,20.30,9.80,190.20,1.30,61.40,996.20,1005.34,0,2016-04-16 15:40:00
10200,BTN,37.4853575000,127.0125455556,12,92.6188,SKY_A07,1,0.01,0.00,0.00,0.00,0.00,0.00,0.00,0.00,0.00,0.00,20.10,20.30,9.80,119.90,4.10,57.70,995.60,1006.94,0,2016-04-16 15:40:00
10203,BTN,37.4623652778,127.0348366667,15,69.0604,SKY_A07,0,0.00,0.00,0.00,0.00,0.00,0.00,0.00,0.00,0.00,0.00,19.90,20.50,9.50,122.50,5.10,60.10,996.20,1004.19,0,2016-04-16 15:40:00
10205,BTN,37.4663305556,127.0429000000,7,49.6888,SKY_A07,0,0.00,0.00,0.00,0.00,0.00,0.00,0.00,0.00,0.00,0.00,20.50,20.60,10.00,146.90,2.90,57.60,998.40,1004.15,0,2016-04-16 15:40:00
10209,BTN,37.5072861111,127.0072888889,3,32.833,SKY_A07,1,0.01,0.00,0.00,0.00,0.00,0.00,0.00,0.00,0.00,0.00,19.70,20.30,9.80,91.80,2.40,56.20,1000.70,1004.51,0,2016-04-16 15:40:00
10211,BTN,37.5479722222,127.0204611111,15,76.5757,SKY_A07,0,0.00,0.00,0.00,0.00,0.00,0.00,0.00,0.00,0.00,0.00,21.40,20.00,12.00,89.10,3.80,56.00,997.90,1006.73,0,2016-04-16 15:40:00
10213,BTN,37.5658916667,127.0427555556,2,51.4095,SKY_A07,0,0.00,0.00,0.00,0.00,0.00,0.00,0.00,0.00,0.00,0.00,20.50,20.10,10.70,189.70,3.00,57.40,997.90,1003.84,0,2016-04-16 15:40:00
10214,BTN,37.5483277778,127.0452444444,10,50.6697,SKY_A07,0,0.00,0.00,0.00,0.00,0.00,0.00,0.00,0.00,0.00,0.00,20.40,20.00,12.00,186.60,2.90,58.40,998.20,1004.06,0,2016-04-16 15:40:00
10215,BTN,37.5376580556,127.0456922222,6,38.2642,SKY_A07,0,0.00,0.00,0.00,0.00,0.00,0.00,0.00,0.00,0.00,0.00,20.70,20.00,12.00,166.50,2.80,58.40,1001.10,1005.53,0,2016-04-16 15:40:00
10217,BTN,37.5389305556,127.0553555556,6,41.8985,SKY_A07,0,0.00,0.00,0.00,0.00,0.00,0.00,0.00,0.00,0.00,0.00,20.80,20.00,12.00,140.30,4.10,56.90,999.90,1004.75,0,2016-04-16 15:40:00
10218,BTN,37.5497694444,127.0562861111,9,58.4259,SKY_A07,0,0.00,0.00,0.00,0.00,0.00,0.00,0.00,0.00,0.00,0.00,20.00,20.00,12.00,137.60,1.60,57.20,998.00,1004.77,0,2016-04-16 15:40:00
10219,BTN,37.5410861111,127.0173611111,9,82.8067,SKY_A07,1,0.01,0.00,0.00,0.00,0.00,0.00,0.00,0.00,0.00,0.00,20.20,20.10,10.10,139.00,2.40,59.30,996.80,1006.39,0,2016-04-16 15:40:00
10220,BTN,37.5651111111,127.0542416667,16,70.084,SKY_A07,0,0.00,0.00,0.10,0.00,0.00,0.00,0.10,0.10,0.10,0.10,20.40,20.10,10.70,209.10,4.20,58.80,997.30,1005.41,0,2016-04-16 15:40:00
10221,BTN,37.5580166667,127.0387222222,15,58.3371,SKY_A07,0,0.00,0.00,0.00,0.00,0.00,0.00,0.00,0.00,0.00,0.00,20.30,20.10,10.70,143.00,5.20,59.30,998.40,1005.15,0,2016-04-16 15:40:00
10222,BTN,37.6107690000,127.0182420000,10,91.1074,SKY_A07,1,0.01,0.00,0.00,0.00,0.00,0.00,0.00,0.00,0.00,0.00,18.50,19.30,8.70,209.90,0.50,64.70,995.00,1005.60,0,2016-04-16 15:40:00
10224,BTN,37.5960361111,127.0157111111,9,72.2116,SKY_A07,1,0.01,0.00,0.00,0.00,0.00,0.00,0.00,0.00,0.00,0.00,20.50,19.00,10.00,189.40,2.60,59.20,997.50,1005.85,0,2016-04-16 15:40:00
10225,BTN,37.5828327778,127.0210758333,6,59.6929,SKY_A07,0,0.00,0.00,0.00,0.00,0.00,0.00,0.00,0.00,0.00,0.00,20.50,20.10,10.70,143.10,3.50,58.20,998.10,1005.01,0,2016-04-16 15:40:00
10227,BTN,37.5884277777,127.0178250000,6,62.1712,SKY_A07,1,0.01,0.00,0.00,0.00,0.00,0.00,0.00,0.00,0.00,0.00,19.90,19.00,10.00,180.50,4.20,60.30,997.60,1004.81,0,2016-04-16 15:40:00
10228,BTN,37.6108883333,127.0578619444,9,53.89,SKY_A07,0,0.00,0.00,0.10,0.00,0.00,0.00,0.00,0.10,0.10,0.10,20.50,19.70,9.90,149.20,4.70,57.80,999.30,1005.54,0,2016-04-16 15:40:00
10229,BTN,37.6053277778,127.0621722222,10,45.0131,SKY_A07,0,0.00,0.00,0.00,0.00,0.00,0.00,0.00,0.00,0.00,0.00,20.60,19.70,9.90,157.90,3.50,56.70,999.90,1005.11,0,2016-04-16 15:40:00
10230,BTN,37.5934036111,127.0016577778,5,80.4787,SKY_A07,1,0.01,0.00,0.00,0.00,0.00,0.00,0.00,0.00,0.00,0.00,20.20,19.00,10.00,151.30,3.00,60.80,996.90,1006.22,0,2016-04-16 15:40:00
10232,BTN,37.6183155556,127.0465847222,5,47.1642,SKY_A07,0,0.00,0.00,0.00,0.00,0.00,0.00,0.00,0.00,0.00,0.00,18.40,19.70,9.90,24.40,1.10,59.90,999.50,1005.00,0,2016-04-16 15:40:00
10233,BTN,37.6046111111,127.0120250000,9,89.4941,SKY_A07,1,0.01,0.00,0.00,0.00,0.00,0.00,0.00,0.00,0.00,0.00,19.70,19.30,8.70,100.50,1.50,63.20,996.20,1006.58,0,2016-04-16 15:40:00
10234,BTN,37.6105572222,127.0050013889,17,110.6725,SKY_A07,1,0.01,0.00,0.00,0.00,0.00,0.00,0.00,0.00,0.00,0.00,19.70,19.30,8.70,110.80,1.30,64.10,993.30,1006.11,0,2016-04-16 15:40:00
10235,BTN,37.5981805556,127.0352305556,0,52.0712,SKY_A07,0,0.00,0.00,0.00,0.00,0.00,0.00,0.00,0.00,0.00,0.00,20.00,20.10,10.70,130.30,3.30,58.70,999.30,1005.34,0,2016-04-16 15:40:00
10237,BTN,37.4973638889,127.1355361111,14,73.3007,SKY_A07,0,0.00,0.00,0.00,0.00,0.00,0.00,0.00,0.00,0.00,0.00,19.40,20.30,10.00,141.40,3.70,58.10,997.40,1005.91,0,2016-04-16 15:40:00
10239,BTN,37.4955111111,127.1313611111,9,72.448,SKY_A07,0,0.00,0.00,0.00,0.00,0.00,0.00,0.00,0.00,0.00,0.00,20.20,20.70,10.40,167.30,1.70,58.80,996.90,1005.28,0,2016-04-16 15:40:00
10241,BTN,37.4981111111,127.1463222222,6,52.1314,SKY_A07,0,0.00,0.00,0.00,0.00,0.00,0.00,0.00,0.00,0.00,0.00,20.90,20.30,10.00,167.40,5.10,55.40,999.00,1005.02,0,2016-04-16 15:40:00
10244,BTN,37.4880916667,127.1316083333,8,64.1637,SKY_A07,0,0.00,0.00,0.00,0.00,0.00,0.00,0.00,0.00,0.00,0.00,20.60,20.70,10.40,191.90,2.00,56.60,997.80,1005.22,0,2016-04-16 15:40:00
10245,BTN,37.4911122222,127.1150016667,7,48.8682,SKY_A07,0,0.00,0.00,0.00,0.00,0.00,0.00,0.00,0.00,0.00,0.00,20.70,20.70,10.40,118.00,1.10,59.30,999.30,1004.95,0,2016-04-16 15:40:00
10246,BTN,37.4797833333,127.1261777778,8,50.2462,SKY_A07,0,0.00,0.00,0.00,0.00,0.00,0.00,0.00,0.00,0.00,0.00,20.90,20.70,10.40,87.80,2.10,56.40,999.40,1005.21,0,2016-04-16 15:40:00
10247,BTN,37.5137083333,127.1221861111,9,51.9162,SKY_A07,0,0.00,0.00,0.00,0.00,0.00,0.00,0.00,0.00,0.00,0.00,20.30,20.60,11.20,164.00,2.40,59.00,999.30,1005.32,0,2016-04-16 15:40:00
10248,BTN,37.5169058333,127.1133711111,7,92.47,SKY_A07,0,0.00,0.00,0.00,0.00,0.00,0.00,0.00,0.00,0.00,0.00,20.50,20.60,11.20,293.20,1.40,60.20,993.80,1004.47,0,2016-04-16 15:40:00
10249,BTN,37.5153944444,127.1073638889,9,102.2454,SKY_A07,0,0.00,0.00,0.00,0.00,0.00,0.00,0.00,0.00,0.00,0.00,20.40,20.60,11.20,110.60,3.10,59.40,994.60,1006.41,0,2016-04-16 15:40:00
10250,BTN,37.5031888889,127.0931638889,9,54.8196,SKY_A07,0,0.00,0.00,0.00,0.00,0.00,0.00,0.00,0.00,0.00,0.00,20.30,20.70,10.40,190.90,2.50,59.20,998.90,1005.25,0,2016-04-16 15:40:00
10252,BTN,37.4986336111,127.0997263889,7,43.5777,SKY_A07,0,0.00,0.00,0.00,0.00,0.00,0.00,0.00,0.00,0.00,0.00,20.50,20.70,10.40,171.00,6.10,58.30,1000.10,1005.15,0,2016-04-16 15:40:00
10254,BTN,37.5066361111,127.1064444444,14,53.66,SKY_A07,0,0.00,0.00,0.00,0.00,0.00,0.00,0.00,0.00,0.00,0.00,20.40,20.70,10.40,143.60,2.10,58.10,999.40,1005.62,0,2016-04-16 15:40:00
10256,BTN,37.5059944444,127.1322527778,3,68.547,SKY_A07,0,0.00,0.00,0.00,0.00,0.00,0.00,0.00,0.00,0.00,0.00,21.00,20.70,10.40,127.10,2.30,57.90,997.20,1005.11,0,2016-04-16 15:40:00
10259,BTN,37.5113472222,127.0816277778,6,56.2814,SKY_A07,0,0.00,0.00,0.00,0.00,0.00,0.00,0.00,0.00,0.00,0.00,20.20,20.60,11.20,147.30,6.10,53.60,999.10,1005.62,0,2016-04-16 15:40:00
10260,BTN,37.5053333333,127.0851666667,14.2235,41.7235,SKY_A07,0,0.00,0.00,0.00,0.00,0.00,0.00,0.00,0.00,0.00,0.00,20.90,20.70,10.40,353.30,2.00,55.40,1000.40,1005.23,0,2016-04-16 15:40:00
10262,BTN,37.5377966667,126.8725230556,8,40.4315,SKY_A07,1,0.01,0.00,0.10,0.00,0.00,0.00,0.10,0.10,0.10,0.10,19.60,19.70,10.80,167.50,1.30,66.20,1000.30,1005.00,0,2016-04-16 15:40:00
10263,BTN,37.5356833333,126.8779722222,3,103.39737,SKY_A07,1,0.01,0.00,0.10,0.00,0.00,0.00,0.10,0.10,0.10,0.10,19.10,19.70,10.80,179.90,1.50,60.50,993.40,1005.39,0,2016-04-16 15:40:00
10266,BTN,37.5366500000,126.8282944444,15,52.0438,SKY_A07,1,0.01,0.00,0.00,0.00,0.00,0.00,0.00,0.00,0.00,0.00,19.10,19.40,11.30,106.00,5.30,68.50,999.10,1005.16,0,2016-04-16 15:40:00
10267,BTN,37.5225972222,126.8363444444,10,47.0204,SKY_A07,1,0.01,0.00,0.10,0.00,0.00,0.00,0.00,0.10,0.10,0.10,19.50,19.40,11.30,120.30,3.80,67.40,999.60,1005.06,0,2016-04-16 15:40:00
10268,BTN,37.5212222222,126.8528500000,9,65.6013,SKY_A07,1,0.01,0.00,0.00,0.00,0.00,0.00,0.00,0.00,0.00,0.00,19.60,19.70,10.80,138.20,1.80,66.30,997.00,1004.61,0,2016-04-16 15:40:00
10269,BTN,37.5194358300,126.8692614000,10,47.74476,SKY_A07,1,0.01,0.00,0.00,0.00,0.00,0.00,0.00,0.00,0.00,0.00,19.10,19.70,10.80,138.20,3.10,64.90,999.20,1004.76,0,2016-04-16 15:40:00
10270,BTN,37.5210777778,126.8995000000,2,29.7656,SKY_A07,1,0.01,0.00,0.20,0.00,0.00,0.00,0.00,0.20,0.20,0.20,20.20,19.70,10.80,282.90,0.80,56.40,1001.40,1004.85,0,2016-04-16 15:40:00
10271,BTN,37.5293027778,126.8948750000,5,91.34178,SKY_A07,1,0.01,0.00,0.20,0.00,0.00,0.00,0.00,0.20,0.20,0.20,18.80,19.70,10.80,229.30,5.20,63.50,995.00,1005.62,0,2016-04-16 15:40:00
10272,BTN,37.5348055556,126.9021666667,10,69.3622,SKY_A07,1,0.01,0.00,0.60,0.00,0.00,0.00,0.00,0.60,0.60,0.60,19.60,19.90,10.30,109.20,1.70,64.50,997.10,1005.15,0,2016-04-16 15:40:00
10273,BTN,37.4926916667,126.8956666667,15,58.6401,SKY_A07,1,0.01,0.00,0.10,0.00,0.00,0.00,0.00,0.10,0.10,0.10,19.70,19.80,10.40,172.60,3.50,56.70,998.50,1005.31,0,2016-04-16 15:40:00
10274,BTN,37.4990502778,126.8965461111,9,52.8718,SKY_A07,1,0.01,0.00,0.10,0.00,0.00,0.00,0.00,0.10,0.10,0.10,19.70,19.80,10.40,156.40,7.40,62.50,998.50,1004.64,0,2016-04-16 15:40:00
10275,BTN,37.5123966667,126.8940066667,4,41.64258,SKY_A07,1,0.01,0.00,0.30,0.00,0.00,0.00,0.00,0.30,0.30,0.30,19.50,19.70,10.80,171.50,2.20,62.00,999.60,1004.44,0,2016-04-16 15:40:00
10277,BTN,37.4980572222,126.9078211111,15,52.3731,SKY_A07,1,0.01,0.00,0.10,0.00,0.00,0.00,0.00,0.10,0.10,0.10,19.70,20.20,10.10,153.90,3.00,64.20,998.50,1004.58,0,2016-04-16 15:40:00
10278,BTN,37.5004055556,126.9099305556,2,42.3888,SKY_A07,1,0.01,0.00,0.10,0.00,0.00,0.00,0.00,0.10,0.10,0.10,19.70,20.20,10.10,81.90,1.80,61.90,1000.10,1005.02,0,2016-04-16 15:40:00
10279,BTN,37.5138686111,126.9264886111,10,54.1426,SKY_A07,1,0.01,0.00,0.10,0.00,0.00,0.00,0.00,0.10,0.10,0.10,19.70,19.90,10.30,155.60,2.60,63.10,998.60,1004.88,0,2016-04-16 15:40:00
10280,BTN,37.5353997222,126.8975400000,10,67.4553,SKY_A07,1,0.01,0.00,0.10,0.00,0.00,0.00,0.00,0.10,0.10,0.10,19.60,19.70,10.80,316.20,1.50,62.60,998.60,1006.44,0,2016-04-16 15:40:00
10281,BTN,37.5241666667,126.9275000000,10,70.0262,SKY_A07,1,0.01,0.00,0.10,0.00,0.00,0.00,0.00,0.10,0.10,0.10,19.80,19.90,10.30,159.90,3.30,64.20,996.80,1004.91,0,2016-04-16 15:40:00
10283,BTN,37.5197222222,126.9311111111,9,65.818,SKY_A07,1,0.01,0.00,0.20,0.00,0.00,0.00,0.00,0.20,0.20,0.20,19.80,19.90,10.30,163.20,2.60,62.60,998.00,1005.63,0,2016-04-16 15:40:00
10285,BTN,37.5167263889,126.9073605556,15,54.9801,SKY_A07,1,0.01,0.00,0.10,0.00,0.00,0.00,0.00,0.10,0.10,0.10,20.20,19.90,10.30,50.40,0.90,62.10,997.80,1004.16,0,2016-04-16 15:40:00
10287,BTN,37.5251180556,126.9104177778,3,59.0446,SKY_A07,1,0.01,0.00,0.10,0.00,0.00,0.00,0.00,0.10,0.10,0.10,19.70,19.90,10.30,183.70,2.80,64.30,998.40,1005.25,0,2016-04-16 15:40:00
10288,BTN,37.5128255556,126.9105505556,11,59.4678,SKY_A07,1,0.01,0.00,0.00,0.00,0.00,0.00,0.00,0.00,0.00,0.00,19.50,19.90,10.30,189.30,3.30,62.90,997.80,1004.70,0,2016-04-16 15:40:00
10289,BTN,37.5475058333,126.9713991667,4,65.4907,SKY_A07,1,0.01,0.00,0.00,0.00,0.00,0.00,0.00,0.00,0.00,0.00,20.20,20.10,10.10,117.40,2.10,63.70,998.00,1005.59,0,2016-04-16 15:40:00
10293,BTN,37.5513361111,126.9626777778,3,99.9564,SKY_A07,1,0.01,0.00,0.00,0.00,0.00,0.00,0.00,0.00,0.00,0.00,19.70,20.10,10.10,173.90,7.00,61.80,993.70,1005.27,0,2016-04-16 15:40:00
10294,BTN,37.5205166667,126.9936694444,8,42.027,SKY_A07,1,0.01,0.00,0.00,0.00,0.00,0.00,0.00,0.00,0.00,0.00,20.50,20.10,10.10,198.80,1.30,60.70,1000.30,1005.17,0,2016-04-16 15:40:00
10295,BTN,37.5423694444,126.9880333333,5,77.4095,SKY_A07,1,0.01,0.00,0.00,0.00,0.00,0.00,0.00,0.00,0.00,0.00,20.30,20.10,10.10,182.50,3.30,60.60,996.30,1005.25,0,2016-04-16 15:40:00
10297,BTN,37.5375233333,126.9650016667,9,56.2769,SKY_A07,1,0.01,0.00,0.00,0.00,0.00,0.00,0.00,0.00,0.00,0.00,20.00,20.10,10.10,182.30,2.60,62.00,998.80,1005.33,0,2016-04-16 15:40:00
10298,BTN,37.5328805556,126.9557472222,16.785,54.285,SKY_A07,1,0.01,0.00,0.00,0.00,0.00,0.00,0.00,0.00,0.00,0.00,20.10,19.90,10.30,211.80,2.60,62.30,998.50,1004.79,0,2016-04-16 15:40:00
10299,BTN,37.5184333333,126.9771444444,12,45.7657,SKY_A07,1,0.01,0.00,0.00,0.00,0.00,0.00,0.00,0.00,0.00,0.00,19.90,20.10,10.10,122.70,4.80,54.10,1000.10,1005.41,0,2016-04-16 15:40:00
10300,BTN,37.5301113889,126.9683238889,8,86.5427,SKY_A07,1,0.01,0.00,0.00,0.00,0.00,0.00,0.00,0.00,0.00,0.00,19.90,20.10,10.10,129.40,2.10,56.30,994.90,1004.91,0,2016-04-16 15:40:00
10302,BTN,37.5351611111,126.9978500000,12,128.4695,SKY_A07,1,0.01,0.00,0.00,0.00,0.00,0.00,0.00,0.00,0.00,0.00,19.60,20.10,10.10,144.60,4.00,62.40,991.80,1006.66,0,2016-04-16 15:40:00
10303,BTN,37.5493000000,126.9793083333,8,72.5111,SKY_A07,1,0.01,0.00,0.00,0.00,0.00,0.00,0.00,0.00,0.00,0.00,20.00,20.10,10.10,160.50,3.80,62.20,996.00,1004.39,0,2016-04-16 15:40:00
10305,BTN,37.6133388889,126.9111183333,10,65.6839,SKY_A07,1,0.01,0.10,0.10,0.00,0.00,0.00,0.10,0.10,0.10,0.10,19.20,19.40,8.60,181.50,2.50,64.40,998.20,1005.84,0,2016-04-16 15:40:00
10307,BTN,37.6024011111,126.9354016667,10,74.6159,SKY_A08,1,0.01,4.50,19.50,1.80,2.60,3.70,7.10,19.50,19.50,19.50,19.50,19.60,9.70,190.50,2.20,65.40,995.90,1004.55,0,2016-04-16 15:40:00
10310,BTN,37.6240355556,126.9202105556,6,68.0158,SKY_A07,1,0.01,0.10,0.10,0.00,0.00,0.00,0.10,0.10,0.10,0.10,17.90,19.40,8.60,119.10,4.00,67.40,996.90,1004.84,0,2016-04-16 15:40:00
10311,BTN,37.5835305556,126.8917847222,12,45.9037,SKY_A07,1,0.01,0.00,0.10,0.00,0.00,0.00,0.10,0.10,0.10,0.10,19.10,19.60,10.30,130.10,2.30,68.70,999.30,1004.64,0,2016-04-16 15:40:00
10312,BTN,37.5908888889,126.9049166667,9,66.1062,SKY_A07,1,0.01,0.00,0.10,0.00,0.00,0.00,0.10,0.10,0.10,0.10,19.40,19.60,9.70,269.90,1.50,68.10,998.30,1005.98,0,2016-04-16 15:40:00
10313,BTN,37.5983008333,126.9132766667,10,64.1417,SKY_A07,1,0.01,0.00,0.00,0.00,0.00,0.00,0.00,0.00,0.00,0.00,19.20,19.60,9.70,175.20,6.30,66.00,997.20,1004.65,0,2016-04-16 15:40:00
10314,BTN,37.6060716667,126.9223480556,10,52.6717,SKY_A07,1,0.01,0.10,0.20,0.00,0.00,0.00,0.20,0.20,0.20,0.20,20.00,19.40,8.60,178.80,1.90,67.10,999.30,1005.41,0,2016-04-16 15:40:00
10316,BTN,37.5934447222,126.9205247222,10,55.5553,SKY_A07,1,0.01,0.00,0.10,0.00,0.00,0.00,0.00,0.10,0.10,0.10,19.40,19.60,9.70,117.60,3.10,66.20,998.40,1004.85,0,2016-04-16 15:40:00
10317,BTN,37.5948333333,126.9175000000,8,46.0608,SKY_A07,1,0.01,0.00,0.10,0.00,0.00,0.00,0.10,0.10,0.10,0.10,19.70,19.60,9.70,147.30,2.40,65.10,999.30,1004.65,0,2016-04-16 15:40:00
10318,BTN,37.5813055556,126.9065000000,6,39.177,SKY_A07,1,0.01,0.00,0.00,0.00,0.00,0.00,0.00,0.00,0.00,0.00,19.30,19.60,9.70,159.50,2.20,64.80,1001.10,1005.66,0,2016-04-16 15:40:00
10320,BTN,37.5795777778,126.9868361111,10,53.1992,SKY_A07,1,0.01,0.00,0.00,0.00,0.00,0.00,0.00,0.00,0.00,0.00,20.60,19.00,10.00,104.10,1.30,58.00,998.90,1005.05,0,2016-04-16 15:40:00
10322,BTN,37.5716888888,126.9614013880,9,79.4628,SKY_A07,1,0.01,0.00,0.00,0.00,0.00,0.00,0.00,0.00,0.00,0.00,19.50,19.00,10.00,202.60,1.70,63.60,995.60,1004.81,0,2016-04-16 15:40:00
10323,BTN,37.6080680556,126.9564116667,10,145.579,SKY_A07,1,0.01,0.00,0.20,0.00,0.00,0.00,0.20,0.20,0.20,0.20,19.00,19.40,8.60,177.40,0.40,68.40,990.00,1006.86,0,2016-04-16 15:40:00
10326,BTN,37.5698175000,126.9783613889,10,74.6289,SKY_A07,1,0.01,0.00,0.00,0.00,0.00,0.00,0.00,0.00,0.00,0.00,19.60,19.00,10.00,196.40,1.30,60.40,995.20,1003.84,0,2016-04-16 15:40:00
10328,BTN,37.5769388889,127.0158972222,10,55.1456,SKY_A07,1,0.01,0.00,0.00,0.00,0.00,0.00,0.00,0.00,0.00,0.00,19.00,19.00,10.00,146.60,2.50,57.50,998.10,1004.51,0,2016-04-16 15:40:00
10331,BTN,37.5699166667,127.0051055556,0,67.2322,SKY_A07,1,0.01,0.00,0.00,0.00,0.00,0.00,0.00,0.00,0.00,0.00,20.60,19.00,10.00,185.90,1.90,59.20,997.60,1005.37,0,2016-04-16 15:40:00
10335,BTN,37.5840472222,127.0019027778,29.2074,59.2074,SKY_A07,1,0.01,0.00,0.00,0.00,0.00,0.00,0.00,0.00,0.00,0.00,20.40,19.00,10.00,206.60,2.10,53.50,997.20,1004.05,0,2016-04-16 15:40:00
10337,BTN,37.5589316667,126.9748466667,8,77.5966,SKY_A07,1,0.01,0.00,0.00,0.00,0.00,0.00,0.00,0.00,0.00,0.00,20.10,19.00,10.00,241.30,1.80,59.70,995.80,1004.78,0,2016-04-16 15:40:00
10338,BTN,37.5566083333,126.9761388889,46.559,120.059,SKY_A07,1,0.01,0.00,0.00,0.00,0.00,0.00,0.00,0.00,0.00,0.00,20.00,20.10,10.10,191.40,1.90,60.30,990.80,1004.65,0,2016-04-16 15:40:00
10340,BTN,37.5534458900,127.0101401000,11,66.8454,SKY_A07,1,0.01,0.00,0.00,0.00,0.00,0.00,0.00,0.00,0.00,0.00,20.50,20.10,10.10,101.60,0.90,57.60,996.60,1004.38,0,2016-04-16 15:40:00
10341,BTN,37.5650213889,127.0127897222,20,73.7721,SKY_A07,1,0.01,0.00,0.00,0.00,0.00,0.00,0.00,0.00,0.00,0.00,20.60,19.00,10.00,121.80,1.40,58.30,996.30,1004.82,0,2016-04-16 15:40:00
10343,BTN,37.5597236111,127.0061222222,4,60.418,SKY_A07,1,0.01,0.00,0.00,0.00,0.00,0.00,0.00,0.00,0.00,0.00,20.50,19.00,10.00,174.20,3.10,56.10,998.10,1005.09,0,2016-04-16 15:40:00
10344,BTN,37.5669444444,126.9697222220,12,89.2712,SKY_A07,1,0.01,0.00,0.00,0.00,0.00,0.00,0.00,0.00,0.00,0.00,19.90,19.00,10.00,171.60,3.60,64.10,995.00,1005.33,0,2016-04-16 15:40:00
10349,BTN,37.5566666667,126.9936944444,5,88.7424,SKY_A07,1,0.01,0.00,0.00,0.00,0.00,0.00,0.00,0.00,0.00,0.00,19.00,20.10,10.10,75.10,5.10,59.80,995.10,1005.41,0,2016-04-16 15:40:00
10350,BTN,37.5656111111,127.0224833333,8,85.5134,SKY_A07,0,0.00,0.00,0.00,0.00,0.00,0.00,0.00,0.00,0.00,0.00,20.20,20.10,10.70,147.20,2.90,58.60,996.00,1005.89,0,2016-04-16 15:40:00
10351,BTN,37.5985586111,127.1001391667,5.5,56.8794,SKY_A07,0,0.00,0.00,0.00,0.00,0.00,0.00,0.00,0.00,0.00,0.00,20.60,20.40,11.40,211.10,4.60,55.70,997.20,1003.77,0,2016-04-16 15:40:00
10352,BTN,37.5886241667,127.0797222222,10,41.9303,SKY_A07,0,0.00,0.00,0.00,0.00,0.00,0.00,0.00,0.00,0.00,0.00,19.70,20.40,11.40,170.60,2.60,57.40,1000.10,1004.97,0,2016-04-16 15:40:00
10355,BTN,37.6108055556,127.0774972222,13,63.2605,SKY_A07,0,0.00,0.00,0.00,0.00,0.00,0.00,0.00,0.00,0.00,0.00,20.60,20.20,10.30,176.80,5.10,57.60,997.60,1004.91,0,2016-04-16 15:40:00
10360,BTN,37.6002833333,127.0739027778,9,42.5495,SKY_A07,0,0.00,0.00,0.00,0.00,0.00,0.00,0.00,0.00,0.00,0.00,21.00,20.10,10.70,165.40,2.60,55.70,1000.80,1005.72,0,2016-04-16 15:40:00
11186,BTN,37.5969722200,126.9639417000,2.5,96.29,SKY_A07,1,0.01,0.00,0.00,0.00,0.00,0.00,0.00,0.00,0.00,0.00,19.90,19.00,10.00,247.40,0.30,65.90,993.90,1005.03,0,2016-04-16 15:40:00
11187,BTN,37.4863722200,126.9687728000,7,59.39,SKY_A07,1,0.01,0.00,0.10,0.00,0.00,0.00,0.00,0.10,0.10,0.10,20.00,20.30,9.80,205.20,4.40,56.70,998.10,1004.98,0,2016-04-16 15:40:00
11188,BTN,37.5600472200,127.1544944000,10,54.76,SKY_A07,0,0.00,0.00,0.00,0.00,0.00,0.00,0.00,0.00,0.00,0.00,20.70,20.40,10.10,144.90,1.20,55.10,999.00,1005.33,0,2016-04-16 15:40:00
11189,BTN,37.4837194400,126.9817417000,7,60.84,SKY_A07,1,0.01,0.00,0.00,0.00,0.00,0.00,0.00,0.00,0.00,0.00,20.40,20.30,9.80,29.10,0.90,56.70,997.50,1004.54,0,2016-04-16 15:40:00
11190,BTN,37.4947430600,127.0150125000,5,40.61,SKY_A07,1,0.01,0.00,0.00,0.00,0.00,0.00,0.00,0.00,0.00,0.00,21.50,20.30,9.80,126.40,1.40,51.00,1000.30,1004.99,0,2016-04-16 15:40:00
11191,BTN,37.4712433300,127.0249153000,13,82.47,SKY_A07,0,0.00,0.00,0.00,0.00,0.00,0.00,0.00,0.00,0.00,0.00,20.00,20.60,10.00,175.10,1.80,54.50,995.40,1004.94,0,2016-04-16 15:40:00
11192,BTN,37.4886741700,127.0668078000,5,46.62,SKY_A07,0,0.00,0.00,0.00,0.00,0.00,0.00,0.00,0.00,0.00,0.00,20.50,20.60,10.00,196.50,2.40,56.80,999.20,1004.60,0,2016-04-16 15:40:00
11193,BTN,37.5691583300,126.9873083000,10,71.1,SKY_A07,1,0.01,0.00,0.00,0.00,0.00,0.00,0.00,0.00,0.00,0.00,20.20,19.00,10.00,137.60,2.70,53.40,995.90,1004.12,0,2016-04-16 15:40:00
11194,BTN,37.4788333300,126.9902222000,5,58.54,SKY_A07,1,0.01,0.00,0.00,0.00,0.00,0.00,0.00,0.00,0.00,0.00,20.20,20.30,9.80,170.60,1.20,58.00,998.50,1005.28,0,2016-04-16 15:40:00
11254,BTN,37.5875416700,127.0887900000,6,45.51,SKY_A07,0,0.00,0.00,0.10,0.00,0.00,0.00,0.10,0.10,0.10,0.10,20.50,20.40,11.40,175.00,2.60,57.90,998.80,1004.06,0,2016-04-16 15:40:00
11255,BTN,37.5733250000,127.0044417000,5,58.15,SKY_A07,1,0.01,0.00,0.00,0.00,0.00,0.00,0.00,0.00,0.00,0.00,20.50,19.00,10.00,152.40,5.00,60.40,997.80,1004.52,0,2016-04-16 15:40:00
11256,BTN,37.6424944400,127.0226583000,8,63.27,SKY_A07,0,0.00,0.10,0.10,0.00,0.00,0.00,0.10,0.10,0.10,0.10,17.20,19.70,9.90,75.80,1.10,70.00,998.90,1006.32,0,2016-04-16 15:40:00
11257,BTN,37.5836888900,126.9701944000,7,72.21,SKY_A07,1,0.01,0.00,0.00,0.00,0.00,0.00,0.00,0.00,0.00,0.00,20.20,19.00,10.00,175.60,2.60,55.80,996.90,1005.26,0,2016-04-16 15:40:00
11259,BTN,37.4986119400,126.9952947000,19.2424,53.74,SKY_A07,1,0.01,0.00,0.00,0.00,0.00,0.00,0.00,0.00,0.00,0.00,20.30,20.30,9.80,130.00,1.60,55.10,999.10,1005.33,0,2016-04-16 15:40:00
11271,BTN,37.5706032000,126.9724033000,3.5,58.02,SKY_A07,1,0.01,0.00,0.00,0.00,0.00,0.00,0.00,0.00,0.00,0.00,20.50,19.00,10.00,296.40,1.10,64.90,998.00,1004.71,0,2016-04-16 15:40:00
11274,BTN,37.4979750000,127.0573028000,6,49.31,SKY_A07,0,0.00,0.00,0.00,0.00,0.00,0.00,0.00,0.00,0.00,0.00,20.60,20.60,10.00,224.90,0.30,58.70,998.70,1004.40,0,2016-04-16 15:40:00
11275,BTN,37.5946666700,127.0650833000,2.5,31.5,SKY_A07,0,0.00,0.00,0.00,0.00,0.00,0.00,0.00,0.00,0.00,0.00,20.90,20.10,10.70,233.40,1.60,57.30,1001.70,1005.35,0,2016-04-16 15:40:00
11291,BTN,37.5501723000,126.8670563150,10,59.8607,SKY_A07,1,0.01,0.00,0.10,0.00,0.00,0.00,0.10,0.10,0.10,0.10,19.60,19.70,10.80,229.00,2.80,67.20,1001.90,1005.10,0,2016-04-16 15:40:00
